,,Author,Date,Rating,"Rating Delivery Service","Rating Product Quality","Rating Seller Service",Review,Version,"Oversea Shopping",Region,"Picture included",Photos,Videos,"Profile Url","Review Url"
1,,a*****a,"2023-07-07 13:34:23",5,5,5,5,"Performance:10/10
Quality:10/10
Suitability:10/10","cream cone",no,ph,no,,,"Rating Total: 755; No Stars: 10 reviews; *: 8 reviews; **: 18 reviews; ***: 61 reviews; ****: 658 reviews;  With Context: 114;  With Image: 83;  With Media: 84;  Local Review: 755; ",https://shopee.vn/shop/75714316,https://shopee.ph/p-i.991635618.22671552659,,
2,,j*****s,"2023-07-10 11:46:55",4,5,4,5,"there is a deform in one of the lolli but the rest are in good quality",lollipop,no,ph,no,,,"Rating Total: 755; No Stars: 10 reviews; *: 8 reviews; **: 18 reviews; ***: 61 reviews; ****: 658 reviews;  With Context: 114;  With Image: 83;  With Media: 84;  Local Review: 755; ",https://shopee.vn/shop/73788973,https://shopee.ph/p-i.991635618.22671552659,,
3,,bhell08pirida,"2023-07-18 07:54:11",5,5,5,5,"
https://cf.shopee.vn/file/ph-11134103-7qul2-ljchdplj9jdoc1
https://cf.shopee.vn/file/ph-11134103-7qul2-ljchdplj9jdoc1",lollipop,no,ph,yes,https://cf.shopee.vn/file/ph-11134103-7qul2-ljchdplj9jdoc1,,"Rating Total: 755; No Stars: 10 reviews; *: 8 reviews; **: 18 reviews; ***: 61 reviews; ****: 658 reviews;  With Context: 114;  With Image: 83;  With Media: 84;  Local Review: 755; ",https://shopee.vn/shop/474513638,https://shopee.ph/p-i.991635618.22671552659,https://cf.shopee.vn/file/ph-11134103-7qul2-ljchdplj9jdoc1,
4,,jingjean5,"2023-07-20 22:20:57",5,5,5,5,"
https://cf.shopee.vn/file/ph-11134103-7qukw-ljg728onbgnaf1
https://cf.shopee.vn/file/ph-11134103-7qukw-ljg728onbgnaf1","cream cone",no,ph,yes,https://cf.shopee.vn/file/ph-11134103-7qukw-ljg728onbgnaf1,,"Rating Total: 755; No Stars: 10 reviews; *: 8 reviews; **: 18 reviews; ***: 61 reviews; ****: 658 reviews;  With Context: 114;  With Image: 83;  With Media: 84;  Local Review: 755; ",https://shopee.vn/shop/266999774,https://shopee.ph/p-i.991635618.22671552659,https://cf.shopee.vn/file/ph-11134103-7qukw-ljg728onbgnaf1,
5,,h*****o,"2023-07-23 03:26:30",4,4,4,4,"Cute nice maganda okay ok for gift regalo sa kids at bata and adults salamat thank you seller maayos ang balot walang sira or damages
https://cf.shopee.vn/file/ph-11134103-7qul5-ljjcjm5t68wf8a
https://cf.shopee.vn/file/ph-11134103-7qul5-ljjcjm5t68wf8a",doughnut,no,ph,yes,https://cf.shopee.vn/file/ph-11134103-7qul5-ljjcjm5t68wf8a,https://down-cvs-sg.vod.susercontent.com/api/v4/11110103/mms/ph-11110103-6jrnl-ljjcpzpt4o0f3b.16000461690082770.mp4,"Rating Total: 755; No Stars: 10 reviews; *: 8 reviews; **: 18 reviews; ***: 61 reviews; ****: 658 reviews;  With Context: 114;  With Image: 83;  With Media: 84;  Local Review: 755; ",https://shopee.vn/shop/437302715,https://shopee.ph/p-i.991635618.22671552659,https://cf.shopee.vn/file/ph-11134103-7qul5-ljjcjm5t68wf8a,https://down-cvs-sg.vod.susercontent.com/api/v4/11110103/mms/ph-11110103-6jrnl-ljjcpzpt4o0f3b.16000461690082770.mp4
6,,janmedash,"2023-08-01 06:24:56",5,5,5,5,"Thank you seller sa mga item na magaganda at gusto ng mga anak q magagamit na nla ngayong pasukan, thank you sa rider na kapitbahay nmin, till next time god bless.
https://cf.shopee.vn/file/ph-11134103-7qul9-ljwd1nugbatrdf
https://cf.shopee.vn/file/ph-11134103-7qul9-ljwd1nugbatrdf",lollipop,no,ph,yes,https://cf.shopee.vn/file/ph-11134103-7qul9-ljwd1nugbatrdf,https://down-cvs-sg.vod.susercontent.com/api/v4/11110103/mms/ph-11110103-6jrno-ljwdjml1m6wc74.16000461690871081.mp4,"Rating Total: 755; No Stars: 10 reviews; *: 8 reviews; **: 18 reviews; ***: 61 reviews; ****: 658 reviews;  With Context: 114;  With Image: 83;  With Media: 84;  Local Review: 755; ",https://shopee.vn/shop/47562078,https://shopee.ph/p-i.991635618.22671552659,https://cf.shopee.vn/file/ph-11134103-7qul9-ljwd1nugbatrdf,https://down-cvs-sg.vod.susercontent.com/api/v4/11110103/mms/ph-11110103-6jrno-ljwdjml1m6wc74.16000461690871081.mp4
7,,jajaaseniero,"2023-08-03 08:41:48",5,5,5,5,"Suitability:10
Quality:10
Performance:10

Malapit na bday ng anak ko. Ito yung ilalagay ko na cake toppers. Ang ganda ng erasers. Magugustuhan ng anak ko ito.
https://cf.shopee.vn/file/ph-11134103-7qul0-ljzd5jtczqlofe
https://cf.shopee.vn/file/ph-11134103-7qul0-ljzd5jtczqlofe",lollipop,no,ph,yes,https://cf.shopee.vn/file/ph-11134103-7qul0-ljzd5jtczqlofe,https://down-tx-sg.vod.susercontent.com/api/v4/11110103/mms/ph-11110103-6jrnk-ljzd5unh4v4fce.default.mp4,"Rating Total: 755; No Stars: 10 reviews; *: 8 reviews; **: 18 reviews; ***: 61 reviews; ****: 658 reviews;  With Context: 114;  With Image: 83;  With Media: 84;  Local Review: 755; ",https://shopee.vn/shop/108374099,https://shopee.ph/p-i.991635618.22671552659,https://cf.shopee.vn/file/ph-11134103-7qul0-ljzd5jtczqlofe,https://down-tx-sg.vod.susercontent.com/api/v4/11110103/mms/ph-11110103-6jrnk-ljzd5unh4v4fce.default.mp4
8,,makielovestrisha03,"2023-08-04 06:40:09",5,5,5,5,"What you see is what you get. Sulit","cream cone",no,ph,no,,,"Rating Total: 755; No Stars: 10 reviews; *: 8 reviews; **: 18 reviews; ***: 61 reviews; ****: 658 reviews;  With Context: 114;  With Image: 83;  With Media: 84;  Local Review: 755; ",https://shopee.vn/shop/679431388,https://shopee.ph/p-i.991635618.22671552659,,
9,,1samantha8,"2023-08-07 04:38:32",5,5,5,5,"Performance:Good
Suitability:Good
Quality:Good",lollipop,no,ph,no,,,"Rating Total: 755; No Stars: 10 reviews; *: 8 reviews; **: 18 reviews; ***: 61 reviews; ****: 658 reviews;  With Context: 114;  With Image: 83;  With Media: 84;  Local Review: 755; ",https://shopee.vn/shop/334768661,https://shopee.ph/p-i.991635618.22671552659,,
10,,mrgss,"2023-08-09 06:18:08",5,5,5,5,"Performance:very well
Suitability:good for students
Quality:nice

Thank you so much seller ang cute po ng mga eraser will buy again soon po God bless affordable din
https://cf.shopee.vn/file/ph-11134103-7qul8-lk7rn4vk27aka9
https://cf.shopee.vn/file/ph-11134103-7qul8-lk7rn4vk27aka9","cream cone",no,ph,yes,https://cf.shopee.vn/file/ph-11134103-7qul8-lk7rn4vk27aka9,https://down-tx-sg.vod.susercontent.com/api/v4/11110103/mms/ph-11110103-6jrnm-lk7sc3coz62473.default.mp4,"Rating Total: 755; No Stars: 10 reviews; *: 8 reviews; **: 18 reviews; ***: 61 reviews; ****: 658 reviews;  With Context: 114;  With Image: 83;  With Media: 84;  Local Review: 755; ",https://shopee.vn/shop/334537512,https://shopee.ph/p-i.991635618.22671552659,https://cf.shopee.vn/file/ph-11134103-7qul8-lk7rn4vk27aka9,https://down-tx-sg.vod.susercontent.com/api/v4/11110103/mms/ph-11110103-6jrnm-lk7sc3coz62473.default.mp4
11,,zhelvelitario,"2023-08-09 13:42:44",5,5,5,5,"Ang cute po gsto Ng anak ko..",lollipop,no,ph,no,,,"Rating Total: 755; No Stars: 10 reviews; *: 8 reviews; **: 18 reviews; ***: 61 reviews; ****: 658 reviews;  With Context: 114;  With Image: 83;  With Media: 84;  Local Review: 755; ",https://shopee.vn/shop/791654910,https://shopee.ph/p-i.991635618.22671552659,,
12,,marielbuela,"2023-08-11 07:15:39",5,5,5,5,"
https://cf.shopee.vn/file/ph-11134103-7qula-lkap4vqod3cu8e
https://cf.shopee.vn/file/ph-11134103-7qula-lkap4vqod3cu8e",lollipop,no,ph,yes,https://cf.shopee.vn/file/ph-11134103-7qula-lkap4vqod3cu8e,,"Rating Total: 755; No Stars: 10 reviews; *: 8 reviews; **: 18 reviews; ***: 61 reviews; ****: 658 reviews;  With Context: 114;  With Image: 83;  With Media: 84;  Local Review: 755; ",https://shopee.vn/shop/104527040,https://shopee.ph/p-i.991635618.22671552659,https://cf.shopee.vn/file/ph-11134103-7qula-lkap4vqod3cu8e,
13,,mrgss,"2023-08-11 07:40:06",5,5,5,5,"Performance:fast shipping
Suitability:good for student like my daughter
Quality:nice

Thank you so much seller Super cute nya nagustuhan ng anak ko ready na sa pasukan will buy again soon po Godbless
https://cf.shopee.vn/file/ph-11134103-7qul7-lkapnlbepeq44b
https://cf.shopee.vn/file/ph-11134103-7qula-lkapnlcsos7gb7
https://cf.shopee.vn/file/ph-11134103-7qul7-lkapnlbepeq44b
https://cf.shopee.vn/file/ph-11134103-7qula-lkapnlcsos7gb7",doughnut,no,ph,yes,"https://cf.shopee.vn/file/ph-11134103-7qul7-lkapnlbepeq44b, https://cf.shopee.vn/file/ph-11134103-7qula-lkapnlcsos7gb7",https://down-tx-sg.vod.susercontent.com/api/v4/11110103/mms/ph-11110103-6jrnm-lkaq0ckej5tq73.default.mp4,"Rating Total: 755; No Stars: 10 reviews; *: 8 reviews; **: 18 reviews; ***: 61 reviews; ****: 658 reviews;  With Context: 114;  With Image: 83;  With Media: 84;  Local Review: 755; ",https://shopee.vn/shop/334537512,https://shopee.ph/p-i.991635618.22671552659,"https://cf.shopee.vn/file/ph-11134103-7qul7-lkapnlbepeq44b,https://cf.shopee.vn/file/ph-11134103-7qula-lkapnlcsos7gb7",https://down-tx-sg.vod.susercontent.com/api/v4/11110103/mms/ph-11110103-6jrnm-lkaq0ckej5tq73.default.mp4
14,,089fqa2jbx,"2023-08-11 13:18:24",4,4,4,2,"Performance:nice
Quality:nice
Suitability:nice","cream cone",no,ph,no,,,"Rating Total: 755; No Stars: 10 reviews; *: 8 reviews; **: 18 reviews; ***: 61 reviews; ****: 658 reviews;  With Context: 114;  With Image: 83;  With Media: 84;  Local Review: 755; ",https://shopee.vn/shop/973837912,https://shopee.ph/p-i.991635618.22671552659,,
15,,a*****o,"2023-08-11 16:24:13",5,5,5,5,"
https://cf.shopee.vn/file/ph-11134103-7qul8-lkb8r3qpc79ob1
https://cf.shopee.vn/file/ph-11134103-7qul8-lkb8r3qpc79ob1",doughnut,no,ph,yes,https://cf.shopee.vn/file/ph-11134103-7qul8-lkb8r3qpc79ob1,,"Rating Total: 755; No Stars: 10 reviews; *: 8 reviews; **: 18 reviews; ***: 61 reviews; ****: 658 reviews;  With Context: 114;  With Image: 83;  With Media: 84;  Local Review: 755; ",https://shopee.vn/shop/138258385,https://shopee.ph/p-i.991635618.22671552659,https://cf.shopee.vn/file/ph-11134103-7qul8-lkb8r3qpc79ob1,
16,,carlamaetaburnal,"2023-08-12 10:06:15",5,1,5,5,"Super cute, ganda ng design good for ots price
https://cf.shopee.vn/file/ph-11134103-7qul6-lkcamclzbn4cbe
https://cf.shopee.vn/file/ph-11134103-7qul6-lkcamclzbn4cbe",lollipop,no,ph,yes,https://cf.shopee.vn/file/ph-11134103-7qul6-lkcamclzbn4cbe,,"Rating Total: 755; No Stars: 10 reviews; *: 8 reviews; **: 18 reviews; ***: 61 reviews; ****: 658 reviews;  With Context: 114;  With Image: 83;  With Media: 84;  Local Review: 755; ",https://shopee.vn/shop/991313140,https://shopee.ph/p-i.991635618.22671552659,https://cf.shopee.vn/file/ph-11134103-7qul6-lkcamclzbn4cbe,
17,,daneenzaf20,"2023-08-27 00:07:02",3,4,3,4,"
https://cf.shopee.vn/file/ph-11134103-7r98o-lkx407mn9u80d5
https://cf.shopee.vn/file/ph-11134103-7r98o-lkx407mn9u80d5","cream stick",no,ph,yes,https://cf.shopee.vn/file/ph-11134103-7r98o-lkx407mn9u80d5,,"Rating Total: 755; No Stars: 10 reviews; *: 8 reviews; **: 18 reviews; ***: 61 reviews; ****: 658 reviews;  With Context: 114;  With Image: 83;  With Media: 84;  Local Review: 755; ",https://shopee.vn/shop/33420155,https://shopee.ph/p-i.991635618.22671552659,https://cf.shopee.vn/file/ph-11134103-7r98o-lkx407mn9u80d5,
18,,xaverydetailingtaguigph,"2023-08-27 17:43:33",1,5,1,1,"Sobrang tagal ipadala ng seller magiisang bwan natakot akong baka di dumating bago pasukan kaya bumili ako ulit gamit ng anak ko nadoble gastos pako dumating ung  item 28 eh ang pasukan 29 jusme","cream cone",no,ph,no,,,"Rating Total: 755; No Stars: 10 reviews; *: 8 reviews; **: 18 reviews; ***: 61 reviews; ****: 658 reviews;  With Context: 114;  With Image: 83;  With Media: 84;  Local Review: 755; ",https://shopee.vn/shop/59075697,https://shopee.ph/p-i.991635618.22671552659,,
19,,kizzielynubial,"2023-08-29 02:42:18",4,3,4,2,"nagustuhan ng kapatid ko guysss HAHAHAHAH",lollipop,no,ph,no,,,"Rating Total: 755; No Stars: 10 reviews; *: 8 reviews; **: 18 reviews; ***: 61 reviews; ****: 658 reviews;  With Context: 114;  With Image: 83;  With Media: 84;  Local Review: 755; ",https://shopee.vn/shop/588690963,https://shopee.ph/p-i.991635618.22671552659,,
20,,jessaletigio15,"2023-09-03 18:48:17",1,5,1,1,"Napaka tagal dumating seller not very accommodating.  Busy daw sya palagi lol.","cream cone",no,ph,no,,,"Rating Total: 755; No Stars: 10 reviews; *: 8 reviews; **: 18 reviews; ***: 61 reviews; ****: 658 reviews;  With Context: 114;  With Image: 83;  With Media: 84;  Local Review: 755; ",https://shopee.vn/shop/26962650,https://shopee.ph/p-i.991635618.22671552659,,
21,,m*****h,"2023-09-04 09:09:07",5,5,5,5,"Very good si seller first time ko ata mka encounter na nag reply sa missing item at willing siya isama sa next order ko. Pero Yung nafile ko refund kasi biglang na approve na ni shopee . Ito ata Yung pinka dpat gngwa ng seller matotoo kayo mag reply para ng sa ganun bibili padn sa inyo . Kaya iyon nag order ulit ako sa kanya☺️ 

All items with 70%off sobrang sulit. Tysm seller and to shopee for smooth transaction
https://cf.shopee.vn/file/ph-11134103-7r98p-ll92149nvaeqb8
https://cf.shopee.vn/file/ph-11134103-7r98s-ll92149nwoz62a
https://cf.shopee.vn/file/ph-11134103-7r98t-ll92149ny3jm1a
https://cf.shopee.vn/file/ph-11134103-7r992-ll92149nzi4275
https://cf.shopee.vn/file/ph-11134103-7r98o-ll92149o0woid2
https://cf.shopee.vn/file/ph-11134103-7r98p-ll92149nvaeqb8
https://cf.shopee.vn/file/ph-11134103-7r98s-ll92149nwoz62a
https://cf.shopee.vn/file/ph-11134103-7r98t-ll92149ny3jm1a
https://cf.shopee.vn/file/ph-11134103-7r992-ll92149nzi4275
https://cf.shopee.vn/file/ph-11134103-7r98o-ll92149o0woid2",lollipop,no,ph,yes,"https://cf.shopee.vn/file/ph-11134103-7r98p-ll92149nvaeqb8, https://cf.shopee.vn/file/ph-11134103-7r98s-ll92149nwoz62a, https://cf.shopee.vn/file/ph-11134103-7r98t-ll92149ny3jm1a, https://cf.shopee.vn/file/ph-11134103-7r992-ll92149nzi4275, https://cf.shopee.vn/file/ph-11134103-7r98o-ll92149o0woid2",https://down-tx-sg.vod.susercontent.com/api/v4/11110103/mms/ph-11110103-6ke16-ll9226k3ohgyb2.default.mp4,"Rating Total: 755; No Stars: 10 reviews; *: 8 reviews; **: 18 reviews; ***: 61 reviews; ****: 658 reviews;  With Context: 114;  With Image: 83;  With Media: 84;  Local Review: 755; ",https://shopee.vn/shop/210253163,https://shopee.ph/p-i.991635618.22671552659,"https://cf.shopee.vn/file/ph-11134103-7r98p-ll92149nvaeqb8,https://cf.shopee.vn/file/ph-11134103-7r98s-ll92149nwoz62a,https://cf.shopee.vn/file/ph-11134103-7r98t-ll92149ny3jm1a,https://cf.shopee.vn/file/ph-11134103-7r992-ll92149nzi4275,https://cf.shopee.vn/file/ph-11134103-7r98o-ll92149o0woid2",https://down-tx-sg.vod.susercontent.com/api/v4/11110103/mms/ph-11110103-6ke16-ll9226k3ohgyb2.default.mp4
22,,m*****n,"2023-09-04 12:22:49",5,5,5,5,"Received the item complete. Thank you seller and shoppe. Thank you rider.
https://cf.shopee.vn/file/ph-11134103-7r98w-ll997h9qtlrm4e
https://cf.shopee.vn/file/ph-11134103-7r98w-ll997h9qtlrm4e",lollipop,no,ph,yes,https://cf.shopee.vn/file/ph-11134103-7r98w-ll997h9qtlrm4e,,"Rating Total: 755; No Stars: 10 reviews; *: 8 reviews; **: 18 reviews; ***: 61 reviews; ****: 658 reviews;  With Context: 114;  With Image: 83;  With Media: 84;  Local Review: 755; ",https://shopee.vn/shop/1047317510,https://shopee.ph/p-i.991635618.22671552659,https://cf.shopee.vn/file/ph-11134103-7r98w-ll997h9qtlrm4e,
23,,j*****n,"2023-09-06 10:08:08",5,5,5,5,"Performance:ok nemen
Suitability:laj
Quality:good

Thankyou so much shopee delivery and seller all items are good at complete til next transactions godbless
https://cf.shopee.vn/file/ph-11134103-7r98t-llbydsvxn1dvee
https://cf.shopee.vn/file/ph-11134103-7r98u-llbydsvxofyb8b
https://cf.shopee.vn/file/ph-11134103-7r98t-llbydsvxn1dvee
https://cf.shopee.vn/file/ph-11134103-7r98u-llbydsvxofyb8b",doughnut,no,ph,yes,"https://cf.shopee.vn/file/ph-11134103-7r98t-llbydsvxn1dvee, https://cf.shopee.vn/file/ph-11134103-7r98u-llbydsvxofyb8b",https://down-tx-sg.vod.susercontent.com/api/v4/11110103/mms/ph-11110103-6ke18-llbz70mqcdz73b.default.mp4,"Rating Total: 755; No Stars: 10 reviews; *: 8 reviews; **: 18 reviews; ***: 61 reviews; ****: 658 reviews;  With Context: 114;  With Image: 83;  With Media: 84;  Local Review: 755; ",https://shopee.vn/shop/852980038,https://shopee.ph/p-i.991635618.22671552659,"https://cf.shopee.vn/file/ph-11134103-7r98t-llbydsvxn1dvee,https://cf.shopee.vn/file/ph-11134103-7r98u-llbydsvxofyb8b",https://down-tx-sg.vod.susercontent.com/api/v4/11110103/mms/ph-11110103-6ke18-llbz70mqcdz73b.default.mp4
24,,r97tykr37u,"2023-09-07 01:56:43",5,5,5,5,"Quality:amazing
Suitability:wonderful
Performance:better

Four talaga Yan. Harry Potter na Kasi ng baby ko Yung isa Kaya three nalang Ang nilitratuhan ko. Nakakahappy
https://cf.shopee.vn/file/ph-11134103-7r98w-llcw45un1f1u0e
https://cf.shopee.vn/file/ph-11134103-7r98w-llcw45un1f1u0e","cream cone",no,ph,yes,https://cf.shopee.vn/file/ph-11134103-7r98w-llcw45un1f1u0e,https://down-tx-sg.vod.susercontent.com/api/v4/11110103/mms/ph-11110103-6ke15-llcwb7v18w36fd.default.mp4,"Rating Total: 755; No Stars: 10 reviews; *: 8 reviews; **: 18 reviews; ***: 61 reviews; ****: 658 reviews;  With Context: 114;  With Image: 83;  With Media: 84;  Local Review: 755; ",https://shopee.vn/shop/410819945,https://shopee.ph/p-i.991635618.22671552659,https://cf.shopee.vn/file/ph-11134103-7r98w-llcw45un1f1u0e,https://down-tx-sg.vod.susercontent.com/api/v4/11110103/mms/ph-11110103-6ke15-llcwb7v18w36fd.default.mp4
25,,b*****a,"2023-09-07 10:12:17",5,5,5,5,"Quality:good
Suitability:good
Performance:good

Ang ganda nya. Nagustuhan ng anak ko  salamat po
https://cf.shopee.vn/file/ph-11134103-7r98r-lldessc5zpma13
https://cf.shopee.vn/file/ph-11134103-7r98r-lldessc5zpma13",lollipop,no,ph,yes,https://cf.shopee.vn/file/ph-11134103-7r98r-lldessc5zpma13,,"Rating Total: 755; No Stars: 10 reviews; *: 8 reviews; **: 18 reviews; ***: 61 reviews; ****: 658 reviews;  With Context: 114;  With Image: 83;  With Media: 84;  Local Review: 755; ",https://shopee.vn/shop/250820029,https://shopee.ph/p-i.991635618.22671552659,https://cf.shopee.vn/file/ph-11134103-7r98r-lldessc5zpma13,
26,,gerrylouisordanezagallano,"2023-09-09 13:27:33",5,5,5,5,"Title: A Fantastic Back-to-School Shopping Experience!

Review:

I recently purchased school supplies for the new academic year, and I couldn't be happier with my experience! From the moment I stepped into the store to the moment I unpacked my new supplies at home, everything was seamless and delightful.

First and foremost, the selection of school supplies was outstanding. The store had everything I needed, from notebooks and pens to backpacks and calculators. It was a one-stop-shop for all my back-to-school needs. The variety of brands and styles ensured that I could find items that suited my preferences perfectly.

The staff members were incredibly helpful and friendly. They were readily available to assist me in finding the right products and provided valuable recommendations based on my requirements. Their knowledge of the various items on offer made the shopping process smooth and efficient. Plus, their willingness to answer my questions and address any concerns I had was truly commendable.

The quality of the school supplies was exceptional. The notebooks had durable covers and high-quality paper, ensuring they would withstand the wear and tear of daily use. The pens were smooth and comfortable to write with, and the backpack I purchased was sturdy and spacious, providing ample room for all my books and belongings.

What impressed me the most was the store's commitment to affordability. The prices were competitive, and they even had some great deals and promotions running at the time of my visit. This allowed me to stay within my budget without compromising on quality.

Lastly, the checkout process was quick and efficient. The cashier was friendly and efficient, ensuring that I didn't have to spend unnecessary time waiting in line. The transaction was smooth, and I left the store feeling satisfied with my purchase.

Overall, my experience purchasing school supplies was incredibly positive. The wide selection, helpful staff, high-quality products, affordability, and efficient checkout process all contributed to making it a fantastic shopping experience. I highly recommend this store to anyone in need of school supplies. I will certainly be returning next year for all my back-to-school needs!
https://cf.shopee.vn/file/ph-11134103-7r992-llggiqrhurib03
https://cf.shopee.vn/file/ph-11134103-7r992-llggiqrhurib03",doughnut,no,ph,yes,https://cf.shopee.vn/file/ph-11134103-7r992-llggiqrhurib03,https://down-tx-sg.vod.susercontent.com/api/v4/11110103/mms/ph-11110103-6ke18-llggj6wi73w2d0.default.mp4,"Rating Total: 755; No Stars: 10 reviews; *: 8 reviews; **: 18 reviews; ***: 61 reviews; ****: 658 reviews;  With Context: 114;  With Image: 83;  With Media: 84;  Local Review: 755; ",https://shopee.vn/shop/90013931,https://shopee.ph/p-i.991635618.22671552659,https://cf.shopee.vn/file/ph-11134103-7r992-llggiqrhurib03,https://down-tx-sg.vod.susercontent.com/api/v4/11110103/mms/ph-11110103-6ke18-llggj6wi73w2d0.default.mp4
27,,bethblanca,"2023-09-12 00:12:14",5,1,5,4,"Quality:good
Performance:great
Suitability:nice

Nice for birthday giveaways, however delivery was late, so may dalawang taong supply ng pencil at eraser ang anak ko. Magpalit na kayo ng courier
https://cf.shopee.vn/file/ph-11134103-7r992-lljy55f0165ue2
https://cf.shopee.vn/file/ph-11134103-7r992-lljy55f0165ue2",doughnut,no,ph,yes,https://cf.shopee.vn/file/ph-11134103-7r992-lljy55f0165ue2,https://down-tx-sg.vod.susercontent.com/api/v4/11110103/mms/ph-11110103-6ke14-lljy99ov0gqr46.default.mp4,"Rating Total: 755; No Stars: 10 reviews; *: 8 reviews; **: 18 reviews; ***: 61 reviews; ****: 658 reviews;  With Context: 114;  With Image: 83;  With Media: 84;  Local Review: 755; ",https://shopee.vn/shop/64982922,https://shopee.ph/p-i.991635618.22671552659,https://cf.shopee.vn/file/ph-11134103-7r992-lljy55f0165ue2,https://down-tx-sg.vod.susercontent.com/api/v4/11110103/mms/ph-11110103-6ke14-lljy99ov0gqr46.default.mp4
28,,d*****i,"2023-09-21 02:23:22",5,5,5,5,"Good packaging. They are so cute and very attractive to the eyes of the kids. Tama lahat ng pinadala. Happy with my purchase. Thanks a lot
https://cf.shopee.vn/file/ph-11134103-7r98x-llwwvz11rt73a0
https://cf.shopee.vn/file/ph-11134103-7r98x-llwwvz11rt73a0",lollipop,no,ph,yes,https://cf.shopee.vn/file/ph-11134103-7r98x-llwwvz11rt73a0,https://play-aka.vod.shopee.com/api/v4/11110103/mms/ph-11110103-6ke17-llwwxf3vitipe5.default.mp4,"Rating Total: 755; No Stars: 10 reviews; *: 8 reviews; **: 18 reviews; ***: 61 reviews; ****: 658 reviews;  With Context: 114;  With Image: 83;  With Media: 84;  Local Review: 755; ",https://shopee.vn/shop/57928519,https://shopee.ph/p-i.991635618.22671552659,https://cf.shopee.vn/file/ph-11134103-7r98x-llwwvz11rt73a0,https://play-aka.vod.shopee.com/api/v4/11110103/mms/ph-11110103-6ke17-llwwxf3vitipe5.default.mp4
29,,k*****1,"2023-09-22 12:54:05",5,5,5,4,"Product quality refers to how well a product satisfies customer needs, serves its purpose and meets industry standards. When evaluating product quality, businesses consider several key factors, including whether a product solves a problem, works efficiently or suits customers' purposes.
https://cf.shopee.vn/file/ph-11134103-7r990-llyz5n16mc4x00
https://cf.shopee.vn/file/ph-11134103-7r98r-llyz5n16nqpded
https://cf.shopee.vn/file/ph-11134103-7r990-llyz5n16mc4x00
https://cf.shopee.vn/file/ph-11134103-7r98r-llyz5n16nqpded",lollipop,no,ph,yes,"https://cf.shopee.vn/file/ph-11134103-7r990-llyz5n16mc4x00, https://cf.shopee.vn/file/ph-11134103-7r98r-llyz5n16nqpded",https://down-tx-sg.vod.susercontent.com/api/v4/11110103/mms/ph-11110103-6ke18-llyz7ow4hw4x36.default.mp4,"Rating Total: 755; No Stars: 10 reviews; *: 8 reviews; **: 18 reviews; ***: 61 reviews; ****: 658 reviews;  With Context: 114;  With Image: 83;  With Media: 84;  Local Review: 755; ",https://shopee.vn/shop/306805258,https://shopee.ph/p-i.991635618.22671552659,"https://cf.shopee.vn/file/ph-11134103-7r990-llyz5n16mc4x00,https://cf.shopee.vn/file/ph-11134103-7r98r-llyz5n16nqpded",https://down-tx-sg.vod.susercontent.com/api/v4/11110103/mms/ph-11110103-6ke18-llyz7ow4hw4x36.default.mp4
30,,i*****l,"2023-09-22 15:14:46",5,5,5,5,"Excellent Quality. Very affordable items in this shop. Complete items delivered. Will definitely order again. Thanks seller.
https://cf.shopee.vn/file/ph-11134103-7r98o-llz45mjwnzsha3
https://cf.shopee.vn/file/ph-11134103-7r98o-llz45mjwnzsha3","cream cone",no,ph,yes,https://cf.shopee.vn/file/ph-11134103-7r98o-llz45mjwnzsha3,https://down-tx-sg.vod.susercontent.com/api/v4/11110103/mms/ph-11110103-6ke14-llz4awcguk5r57.default.mp4,"Rating Total: 755; No Stars: 10 reviews; *: 8 reviews; **: 18 reviews; ***: 61 reviews; ****: 658 reviews;  With Context: 114;  With Image: 83;  With Media: 84;  Local Review: 755; ",https://shopee.vn/shop/29298652,https://shopee.ph/p-i.991635618.22671552659,https://cf.shopee.vn/file/ph-11134103-7r98o-llz45mjwnzsha3,https://down-tx-sg.vod.susercontent.com/api/v4/11110103/mms/ph-11110103-6ke14-llz4awcguk5r57.default.mp4
31,,jhenstrongaf03,"2023-09-27 06:54:52",5,5,5,5,"Grabe mag pack si seller hahaha sobrang secured. Thank youuuu.
https://cf.shopee.vn/file/ph-11134103-7r98o-lm5qcsf6yxsf2e
https://cf.shopee.vn/file/ph-11134103-7r98o-lm5qcsf6yxsf2e","cream cone",no,ph,yes,https://cf.shopee.vn/file/ph-11134103-7r98o-lm5qcsf6yxsf2e,,"Rating Total: 755; No Stars: 10 reviews; *: 8 reviews; **: 18 reviews; ***: 61 reviews; ****: 658 reviews;  With Context: 114;  With Image: 83;  With Media: 84;  Local Review: 755; ",https://shopee.vn/shop/35823065,https://shopee.ph/p-i.991635618.22671552659,https://cf.shopee.vn/file/ph-11134103-7r98o-lm5qcsf6yxsf2e,
32,,i*****9,"2023-09-29 03:01:15",5,5,5,5,"So cute
https://cf.shopee.vn/file/ph-11134103-7r98t-lm8dsy0csk4xfb
https://cf.shopee.vn/file/ph-11134103-7r98t-lm8dsy0ctypd78
https://cf.shopee.vn/file/ph-11134103-7r98t-lm8dsy0csk4xfb
https://cf.shopee.vn/file/ph-11134103-7r98t-lm8dsy0ctypd78","cream cone",no,ph,yes,"https://cf.shopee.vn/file/ph-11134103-7r98t-lm8dsy0csk4xfb, https://cf.shopee.vn/file/ph-11134103-7r98t-lm8dsy0ctypd78",,"Rating Total: 755; No Stars: 10 reviews; *: 8 reviews; **: 18 reviews; ***: 61 reviews; ****: 658 reviews;  With Context: 114;  With Image: 83;  With Media: 84;  Local Review: 755; ",https://shopee.vn/shop/52507187,https://shopee.ph/p-i.991635618.22671552659,"https://cf.shopee.vn/file/ph-11134103-7r98t-lm8dsy0csk4xfb,https://cf.shopee.vn/file/ph-11134103-7r98t-lm8dsy0ctypd78",
33,,l*****o,"2023-09-29 04:33:35",5,5,5,5,"Performance:good
Quality:good
Suitability:good

Nakakabura naman at ang cute ng mga ice cream cone🥰🥰🥰🥰🥰🥰🥰🥰🥰🥰🥰🥰good good good good good good good good good
https://cf.shopee.vn/file/ph-11134103-7r98w-lm8h4f5mfhqnde
https://cf.shopee.vn/file/ph-11134103-7r98w-lm8h4f5mfhqnde","cream cone",no,ph,yes,https://cf.shopee.vn/file/ph-11134103-7r98w-lm8h4f5mfhqnde,,"Rating Total: 755; No Stars: 10 reviews; *: 8 reviews; **: 18 reviews; ***: 61 reviews; ****: 658 reviews;  With Context: 114;  With Image: 83;  With Media: 84;  Local Review: 755; ",https://shopee.vn/shop/556721432,https://shopee.ph/p-i.991635618.22671552659,https://cf.shopee.vn/file/ph-11134103-7r98w-lm8h4f5mfhqnde,
34,,av12141987,"2023-10-01 05:47:25",5,5,5,3,"Quality:good
Suitability:good
Performance:good

Salamat sa rider na everyday tinatahulan ng aso ng kapitbahay. Been using this for years and ok naman sya. Buti na lang may pa voucher at nakatipid kahit paano.
https://cf.shopee.vn/file/ph-11134103-7r991-lmbe90b8as9b85
https://cf.shopee.vn/file/ph-11134103-7r991-lmbe90b8as9b85",lollipop,no,ph,yes,https://cf.shopee.vn/file/ph-11134103-7r991-lmbe90b8as9b85,https://down-tx-sg.vod.susercontent.com/api/v4/11110103/mms/ph-11110103-6ke17-lmbeeuomaf3ld9.default.mp4,"Rating Total: 755; No Stars: 10 reviews; *: 8 reviews; **: 18 reviews; ***: 61 reviews; ****: 658 reviews;  With Context: 114;  With Image: 83;  With Media: 84;  Local Review: 755; ",https://shopee.vn/shop/640450914,https://shopee.ph/p-i.991635618.22671552659,https://cf.shopee.vn/file/ph-11134103-7r991-lmbe90b8as9b85,https://down-tx-sg.vod.susercontent.com/api/v4/11110103/mms/ph-11110103-6ke17-lmbeeuomaf3ld9.default.mp4
35,,n*****n,"2023-10-01 15:33:55",5,5,5,5,"Ang gaganda ng items, kumpleto and very securely packed. Thanks seller!",lollipop,no,ph,no,,,"Rating Total: 755; No Stars: 10 reviews; *: 8 reviews; **: 18 reviews; ***: 61 reviews; ****: 658 reviews;  With Context: 114;  With Image: 83;  With Media: 84;  Local Review: 755; ",https://shopee.vn/shop/100758083,https://shopee.ph/p-i.991635618.22671552659,,
36,,mami.k2101,"2023-10-03 11:16:30",5,5,5,5,"Suitability:serves it purpose
Quality:good
Performance:good

super cuties
very affordable
https://cf.shopee.vn/file/ph-11134103-7r98y-lmeekx0t57db88
https://cf.shopee.vn/file/ph-11134103-7r98q-lmeekx0t6lxrac
https://cf.shopee.vn/file/ph-11134103-7r98z-lmeekx0t80i7b7
https://cf.shopee.vn/file/ph-11134103-7r98p-lmeekx0t9f2na1
https://cf.shopee.vn/file/ph-11134103-7r98y-lmeekx0t57db88
https://cf.shopee.vn/file/ph-11134103-7r98q-lmeekx0t6lxrac
https://cf.shopee.vn/file/ph-11134103-7r98z-lmeekx0t80i7b7
https://cf.shopee.vn/file/ph-11134103-7r98p-lmeekx0t9f2na1",lollipop,no,ph,yes,"https://cf.shopee.vn/file/ph-11134103-7r98y-lmeekx0t57db88, https://cf.shopee.vn/file/ph-11134103-7r98q-lmeekx0t6lxrac, https://cf.shopee.vn/file/ph-11134103-7r98z-lmeekx0t80i7b7, https://cf.shopee.vn/file/ph-11134103-7r98p-lmeekx0t9f2na1",https://down-tx-sg.vod.susercontent.com/api/v4/11110103/mms/ph-11110103-6ke14-lmekt4ukf1jja5.default.mp4,"Rating Total: 755; No Stars: 10 reviews; *: 8 reviews; **: 18 reviews; ***: 61 reviews; ****: 658 reviews;  With Context: 114;  With Image: 83;  With Media: 84;  Local Review: 755; ",https://shopee.vn/shop/336646143,https://shopee.ph/p-i.991635618.22671552659,"https://cf.shopee.vn/file/ph-11134103-7r98y-lmeekx0t57db88,https://cf.shopee.vn/file/ph-11134103-7r98q-lmeekx0t6lxrac,https://cf.shopee.vn/file/ph-11134103-7r98z-lmeekx0t80i7b7,https://cf.shopee.vn/file/ph-11134103-7r98p-lmeekx0t9f2na1",https://down-tx-sg.vod.susercontent.com/api/v4/11110103/mms/ph-11110103-6ke14-lmekt4ukf1jja5.default.mp4
37,,jinkz25,"2023-10-04 07:59:08",5,5,5,5,"Suitability:good
Performance:good
Quality:goof",lollipop,no,ph,no,,,"Rating Total: 755; No Stars: 10 reviews; *: 8 reviews; **: 18 reviews; ***: 61 reviews; ****: 658 reviews;  With Context: 114;  With Image: 83;  With Media: 84;  Local Review: 755; ",https://shopee.vn/shop/1071267945,https://shopee.ph/p-i.991635618.22671552659,,
38,,elyflores,"2023-10-06 14:21:06",2,5,2,3,"Medyo madumi at may sira ang design. Parang old stock na di na clear yung lagyan.",lollipop,no,ph,no,,,"Rating Total: 755; No Stars: 10 reviews; *: 8 reviews; **: 18 reviews; ***: 61 reviews; ****: 658 reviews;  With Context: 114;  With Image: 83;  With Media: 84;  Local Review: 755; ",https://shopee.vn/shop/11420242,https://shopee.ph/p-i.991635618.22671552659,,
39,,r*****a,"2023-10-10 09:58:29",5,5,5,5,"
https://cf.shopee.vn/file/ph-11134103-7r98q-lmo53ys8mpan3f
https://cf.shopee.vn/file/ph-11134103-7r98y-lmo53ys8o3v3c6
https://cf.shopee.vn/file/ph-11134103-7r98q-lmo53ys8mpan3f
https://cf.shopee.vn/file/ph-11134103-7r98y-lmo53ys8o3v3c6",doughnut,no,ph,yes,"https://cf.shopee.vn/file/ph-11134103-7r98q-lmo53ys8mpan3f, https://cf.shopee.vn/file/ph-11134103-7r98y-lmo53ys8o3v3c6",,"Rating Total: 755; No Stars: 10 reviews; *: 8 reviews; **: 18 reviews; ***: 61 reviews; ****: 658 reviews;  With Context: 114;  With Image: 83;  With Media: 84;  Local Review: 755; ",https://shopee.vn/shop/90334468,https://shopee.ph/p-i.991635618.22671552659,"https://cf.shopee.vn/file/ph-11134103-7r98q-lmo53ys8mpan3f,https://cf.shopee.vn/file/ph-11134103-7r98y-lmo53ys8o3v3c6",
40,,r*****a,"2023-10-11 07:02:16",5,5,5,4,"
https://cf.shopee.vn/file/ph-11134103-7r98s-lmpr115xnibz5d
https://cf.shopee.vn/file/ph-11134103-7r98w-lmpr115xni7l13
https://cf.shopee.vn/file/ph-11134103-7r98s-lmpr115xnibz5d
https://cf.shopee.vn/file/ph-11134103-7r98w-lmpr115xni7l13","cream stick",no,ph,yes,"https://cf.shopee.vn/file/ph-11134103-7r98s-lmpr115xnibz5d, https://cf.shopee.vn/file/ph-11134103-7r98w-lmpr115xni7l13",,"Rating Total: 755; No Stars: 10 reviews; *: 8 reviews; **: 18 reviews; ***: 61 reviews; ****: 658 reviews;  With Context: 114;  With Image: 83;  With Media: 84;  Local Review: 755; ",https://shopee.vn/shop/61731515,https://shopee.ph/p-i.991635618.22671552659,"https://cf.shopee.vn/file/ph-11134103-7r98s-lmpr115xnibz5d,https://cf.shopee.vn/file/ph-11134103-7r98w-lmpr115xni7l13",
41,,chuckgallardosinangote,"2023-10-16 05:41:52",5,5,5,5,"Suitability:ok
Performance:ok
Quality:ok

Ang cute..happy ang junakis ko.. thank you👌👍😄❤️💖",doughnut,no,ph,no,,,"Rating Total: 755; No Stars: 10 reviews; *: 8 reviews; **: 18 reviews; ***: 61 reviews; ****: 658 reviews;  With Context: 114;  With Image: 83;  With Media: 84;  Local Review: 755; ",https://shopee.vn/shop/165630997,https://shopee.ph/p-i.991635618.22671552659,,
42,,m*****n,"2023-10-16 09:21:42",3,4,3,4,"Suitability:okay
Performance:need to check
Quality:just right for the price

cute
https://cf.shopee.vn/file/ph-11134103-7r98o-lmx0r0esezu927
https://cf.shopee.vn/file/ph-11134103-7r98o-lmx0r0esezu927",lollipop,no,ph,yes,https://cf.shopee.vn/file/ph-11134103-7r98o-lmx0r0esezu927,,"Rating Total: 755; No Stars: 10 reviews; *: 8 reviews; **: 18 reviews; ***: 61 reviews; ****: 658 reviews;  With Context: 114;  With Image: 83;  With Media: 84;  Local Review: 755; ",https://shopee.vn/shop/432638663,https://shopee.ph/p-i.991635618.22671552659,https://cf.shopee.vn/file/ph-11134103-7r98o-lmx0r0esezu927,
43,,l*****n,"2023-10-23 03:12:05",5,5,5,5,"Very well packed!
And correct din po lahat ng variations na pinadala. 

Thank you!

My students will surely love these gifts",lollipop,no,ph,no,,,"Rating Total: 755; No Stars: 10 reviews; *: 8 reviews; **: 18 reviews; ***: 61 reviews; ****: 658 reviews;  With Context: 114;  With Image: 83;  With Media: 84;  Local Review: 755; ",https://shopee.vn/shop/133842960,https://shopee.ph/p-i.991635618.22671552659,,
44,,lhencubz14013,"2023-10-24 05:15:19",5,5,5,5,"Maganda sya pang gift thank youuu so much will buy again sa iba pa product",lollipop,no,ph,no,,,"Rating Total: 755; No Stars: 10 reviews; *: 8 reviews; **: 18 reviews; ***: 61 reviews; ****: 658 reviews;  With Context: 114;  With Image: 83;  With Media: 84;  Local Review: 755; ",https://shopee.vn/shop/974760393,https://shopee.ph/p-i.991635618.22671552659,,
45,,jeniecap,"2023-10-26 06:26:45",5,5,5,5,"Suitability:very useful for my kid
Performance:the best
Quality:very good quality

Kng ganito design ng eraser ng anak ko tlgang mkkatipid,ganda pati ng product nila,,👏👏👏👏😂
https://cf.shopee.vn/file/ph-11134103-7r98q-lnb4dmh7qtm112
https://cf.shopee.vn/file/ph-11134103-7r98q-lnb4dmh7qtm112","cream cone",no,ph,yes,https://cf.shopee.vn/file/ph-11134103-7r98q-lnb4dmh7qtm112,,"Rating Total: 755; No Stars: 10 reviews; *: 8 reviews; **: 18 reviews; ***: 61 reviews; ****: 658 reviews;  With Context: 114;  With Image: 83;  With Media: 84;  Local Review: 755; ",https://shopee.vn/shop/731034606,https://shopee.ph/p-i.991635618.22671552659,https://cf.shopee.vn/file/ph-11134103-7r98q-lnb4dmh7qtm112,
46,,m*****k,"2023-10-26 07:09:24",5,5,5,5,"Performance:good
Quality:good
Suitability:perfect for kids

My daughter loves it. Thank you seller ordered yesterday got it today. 😊😊❤️
Highly recommended shops here!! 
Super Legit!! ☺😊👍✨
Sana all!!! 
Thank you kuya Patrick!!
https://cf.shopee.vn/file/ph-11134103-7r98x-lnb5mti94xgp55
https://cf.shopee.vn/file/ph-11134103-7r98s-lnb5mti96c15d5
https://cf.shopee.vn/file/ph-11134103-7r98y-lnb5mtkgt8red5
https://cf.shopee.vn/file/ph-11134103-7r98x-lnb5mtkgru6y8b
https://cf.shopee.vn/file/ph-11134103-7r98x-lnb5mti94xgp55
https://cf.shopee.vn/file/ph-11134103-7r98s-lnb5mti96c15d5
https://cf.shopee.vn/file/ph-11134103-7r98y-lnb5mtkgt8red5
https://cf.shopee.vn/file/ph-11134103-7r98x-lnb5mtkgru6y8b","cream stick",no,ph,yes,"https://cf.shopee.vn/file/ph-11134103-7r98x-lnb5mti94xgp55, https://cf.shopee.vn/file/ph-11134103-7r98s-lnb5mti96c15d5, https://cf.shopee.vn/file/ph-11134103-7r98y-lnb5mtkgt8red5, https://cf.shopee.vn/file/ph-11134103-7r98x-lnb5mtkgru6y8b",https://down-tx-sg.vod.susercontent.com/api/v4/11110103/mms/ph-11110103-6ke17-lnb5wt0kor5587.default.mp4,"Rating Total: 755; No Stars: 10 reviews; *: 8 reviews; **: 18 reviews; ***: 61 reviews; ****: 658 reviews;  With Context: 114;  With Image: 83;  With Media: 84;  Local Review: 755; ",https://shopee.vn/shop/339889066,https://shopee.ph/p-i.991635618.22671552659,"https://cf.shopee.vn/file/ph-11134103-7r98x-lnb5mti94xgp55,https://cf.shopee.vn/file/ph-11134103-7r98s-lnb5mti96c15d5,https://cf.shopee.vn/file/ph-11134103-7r98y-lnb5mtkgt8red5,https://cf.shopee.vn/file/ph-11134103-7r98x-lnb5mtkgru6y8b",https://down-tx-sg.vod.susercontent.com/api/v4/11110103/mms/ph-11110103-6ke17-lnb5wt0kor5587.default.mp4
47,,maribelmarasigan883,"2023-10-27 23:18:51",5,5,5,5,"Performance:good
Suitability:perfect
Quality:good naman sya nung dumating

ok naman sya nung dumating nagustuhan nga ng ank ko",lollipop,no,ph,no,,,"Rating Total: 755; No Stars: 10 reviews; *: 8 reviews; **: 18 reviews; ***: 61 reviews; ****: 658 reviews;  With Context: 114;  With Image: 83;  With Media: 84;  Local Review: 755; ",https://shopee.vn/shop/573626589,https://shopee.ph/p-i.991635618.22671552659,,
48,,trexiesexy,"2023-10-28 04:12:56",5,5,5,5,"Quality:👌
Performance:🙌
Suitability:😍

Lagi akong nag oorder pero Ngayon lang ako magrarate dahil natuwa ako sa pagkakabalot ni seller. 😁 safe na safe kahi eraser lang laman.
https://cf.shopee.vn/file/ph-11134103-7r98z-lndufx025j1651
https://cf.shopee.vn/file/ph-11134103-7r98z-lndufx025j1651","cream cone",no,ph,yes,https://cf.shopee.vn/file/ph-11134103-7r98z-lndufx025j1651,https://down-tx-sg.vod.susercontent.com/api/v4/11110103/mms/ph-11110103-6ke17-lndugbah8ql6cc.default.mp4,"Rating Total: 755; No Stars: 10 reviews; *: 8 reviews; **: 18 reviews; ***: 61 reviews; ****: 658 reviews;  With Context: 114;  With Image: 83;  With Media: 84;  Local Review: 755; ",https://shopee.vn/shop/379377056,https://shopee.ph/p-i.991635618.22671552659,https://cf.shopee.vn/file/ph-11134103-7r98z-lndufx025j1651,https://down-tx-sg.vod.susercontent.com/api/v4/11110103/mms/ph-11110103-6ke17-lndugbah8ql6cc.default.mp4
49,,teacherloida,"2023-10-29 11:00:36",2,5,2,5,"Received items in good condition and complete lahat. Thank you seller.",lollipop,no,ph,no,,,"Rating Total: 755; No Stars: 10 reviews; *: 8 reviews; **: 18 reviews; ***: 61 reviews; ****: 658 reviews;  With Context: 114;  With Image: 83;  With Media: 84;  Local Review: 755; ",https://shopee.vn/shop/65516822,https://shopee.ph/p-i.991635618.22671552659,,
50,,5*****5,"2023-11-06 09:20:44",5,5,5,5,"Maliit lang pala to
https://cf.shopee.vn/file/ph-11134103-7r98t-lnqzs8t9pnrucb
https://cf.shopee.vn/file/ph-11134103-7r98t-lnqzs8t9pnrucb","cream cone",no,ph,yes,https://cf.shopee.vn/file/ph-11134103-7r98t-lnqzs8t9pnrucb,,"Rating Total: 755; No Stars: 10 reviews; *: 8 reviews; **: 18 reviews; ***: 61 reviews; ****: 658 reviews;  With Context: 114;  With Image: 83;  With Media: 84;  Local Review: 755; ",https://shopee.vn/shop/1054125116,https://shopee.ph/p-i.991635618.22671552659,https://cf.shopee.vn/file/ph-11134103-7r98t-lnqzs8t9pnrucb,
51,,janecaszy1222,"2023-11-08 08:44:54",5,5,5,5,"Items are delivered safe. Parcel was pack safely and secured. It was handled by the courier properly no damaged. Courier informed me regarding about the parcel and texted me prior the delivery to secure that there will be someone who will receive the items. Items are great and in its excellent condition. I will surely order again to this shop. The quality of the item is superb. If you have time please rate me back seller. Thank you and Godbless us. More sales to your shop and continue to give quality and affordable products ⭐️⭐️⭐️⭐️⭐️
https://cf.shopee.vn/file/ph-11134103-7r990-lnttbnjqsiai2b
https://cf.shopee.vn/file/ph-11134103-7r990-lnttbnjqsiai2b",lollipop,no,ph,yes,https://cf.shopee.vn/file/ph-11134103-7r990-lnttbnjqsiai2b,https://down-tx-sg.vod.susercontent.com/api/v4/11110103/mms/ph-11110103-6ke18-lnttdbvqgnzd8d.default.mp4,"Rating Total: 755; No Stars: 10 reviews; *: 8 reviews; **: 18 reviews; ***: 61 reviews; ****: 658 reviews;  With Context: 114;  With Image: 83;  With Media: 84;  Local Review: 755; ",https://shopee.vn/shop/181494545,https://shopee.ph/p-i.991635618.22671552659,https://cf.shopee.vn/file/ph-11134103-7r990-lnttbnjqsiai2b,https://down-tx-sg.vod.susercontent.com/api/v4/11110103/mms/ph-11110103-6ke18-lnttdbvqgnzd8d.default.mp4
52,,9qzr_2dzp4,"2023-11-08 11:46:42",5,5,5,5,"Quality:good

good
https://cf.shopee.vn/file/ph-11134103-7r990-lntzrf88xy7d38
https://cf.shopee.vn/file/ph-11134103-7r990-lntzrf88xy7d38",lollipop,no,ph,yes,https://cf.shopee.vn/file/ph-11134103-7r990-lntzrf88xy7d38,,"Rating Total: 755; No Stars: 10 reviews; *: 8 reviews; **: 18 reviews; ***: 61 reviews; ****: 658 reviews;  With Context: 114;  With Image: 83;  With Media: 84;  Local Review: 755; ",https://shopee.vn/shop/528354281,https://shopee.ph/p-i.991635618.22671552659,https://cf.shopee.vn/file/ph-11134103-7r990-lntzrf88xy7d38,
53,,g*****e,"2023-11-15 02:54:43",5,5,5,5,"Performance:haven't tried it yet
Quality:10/10
Suitability:10/10

cutie erasers, swak sa ice cream birthday theme for the give away and pa loot bag.. thanks seller at somehow nakaabot ng time before here birthday
video not related
https://cf.shopee.vn/file/ph-11134103-7r98s-lo3gha19gmlld9
https://cf.shopee.vn/file/ph-11134103-7r98s-lo3gha19gmlld9","cream stick",no,ph,yes,https://cf.shopee.vn/file/ph-11134103-7r98s-lo3gha19gmlld9,https://down-tx-sg.vod.susercontent.com/api/v4/11110103/mms/ph-11110103-6ke18-lo3gki63fo89d0.default.mp4,"Rating Total: 755; No Stars: 10 reviews; *: 8 reviews; **: 18 reviews; ***: 61 reviews; ****: 658 reviews;  With Context: 114;  With Image: 83;  With Media: 84;  Local Review: 755; ",https://shopee.vn/shop/23639544,https://shopee.ph/p-i.991635618.22671552659,https://cf.shopee.vn/file/ph-11134103-7r98s-lo3gha19gmlld9,https://down-tx-sg.vod.susercontent.com/api/v4/11110103/mms/ph-11110103-6ke18-lo3gki63fo89d0.default.mp4
54,,j*****i,"2023-11-15 07:39:43",4,5,4,5,"Quality:good
Suitability:9
Performance:9",lollipop,no,ph,no,,,"Rating Total: 755; No Stars: 10 reviews; *: 8 reviews; **: 18 reviews; ***: 61 reviews; ****: 658 reviews;  With Context: 114;  With Image: 83;  With Media: 84;  Local Review: 755; ",https://shopee.vn/shop/1104026710,https://shopee.ph/p-i.991635618.22671552659,,
55,,s*****a,"2023-11-16 07:42:55",5,5,5,5,"Yey, so happy with my purchased 
The parcel are properly packed. 
Complete items and in shape.
Surely the kids will love this .
I will order again to complete my gifts for this Christmas🥰🎁
https://cf.shopee.vn/file/ph-11134103-7r990-lo548ly3uxvv11
https://cf.shopee.vn/file/ph-11134103-7r990-lo548ly3uxvv11",lollipop,no,ph,yes,https://cf.shopee.vn/file/ph-11134103-7r990-lo548ly3uxvv11,https://down-tx-sg.vod.susercontent.com/api/v4/11110103/mms/ph-11110103-6ke17-lo54ah5vdouj0a.default.mp4,"Rating Total: 755; No Stars: 10 reviews; *: 8 reviews; **: 18 reviews; ***: 61 reviews; ****: 658 reviews;  With Context: 114;  With Image: 83;  With Media: 84;  Local Review: 755; ",https://shopee.vn/shop/28175209,https://shopee.ph/p-i.991635618.22671552659,https://cf.shopee.vn/file/ph-11134103-7r990-lo548ly3uxvv11,https://down-tx-sg.vod.susercontent.com/api/v4/11110103/mms/ph-11110103-6ke17-lo54ah5vdouj0a.default.mp4
56,,rhuveecabrera,"2023-11-16 07:56:50",5,5,5,5,"Maayos ang items at Super well packed. Fast delivery. Thank you seller! Parang old stocks siya pero pwede na din pang prizes lang naman siya for party
https://cf.shopee.vn/file/ph-11134103-7r98z-lo56he6lw2fufe
https://cf.shopee.vn/file/ph-11134103-7r98z-lo56he6lw2fufe",lollipop,no,ph,yes,https://cf.shopee.vn/file/ph-11134103-7r98z-lo56he6lw2fufe,https://down-tx-sg.vod.susercontent.com/api/v4/11110103/mms/ph-11110103-6ke18-lo56hlu4ovm375.default.mp4,"Rating Total: 755; No Stars: 10 reviews; *: 8 reviews; **: 18 reviews; ***: 61 reviews; ****: 658 reviews;  With Context: 114;  With Image: 83;  With Media: 84;  Local Review: 755; ",https://shopee.vn/shop/12222780,https://shopee.ph/p-i.991635618.22671552659,https://cf.shopee.vn/file/ph-11134103-7r98z-lo56he6lw2fufe,https://down-tx-sg.vod.susercontent.com/api/v4/11110103/mms/ph-11110103-6ke18-lo56hlu4ovm375.default.mp4
57,,r*****n,"2023-11-16 11:42:03",5,5,5,5,"Suitability:serves its purpose
Quality:cute

Received my orders complete and tama ang variations. Nice quality for an affordable price. Great gift for gradeschoolers.
https://cf.shopee.vn/file/ph-11134103-7r98x-lo5ersb03ggb5d
https://cf.shopee.vn/file/ph-11134103-7r98x-lo5ersb03ggb5d",lollipop,no,ph,yes,https://cf.shopee.vn/file/ph-11134103-7r98x-lo5ersb03ggb5d,https://down-tx-sg.vod.susercontent.com/api/v4/11110103/mms/ph-11110103-6ke16-lo5erzghmnm36c.default.mp4,"Rating Total: 755; No Stars: 10 reviews; *: 8 reviews; **: 18 reviews; ***: 61 reviews; ****: 658 reviews;  With Context: 114;  With Image: 83;  With Media: 84;  Local Review: 755; ",https://shopee.vn/shop/56526756,https://shopee.ph/p-i.991635618.22671552659,https://cf.shopee.vn/file/ph-11134103-7r98x-lo5ersb03ggb5d,https://down-tx-sg.vod.susercontent.com/api/v4/11110103/mms/ph-11110103-6ke16-lo5erzghmnm36c.default.mp4
58,,goldameirabanes,"2023-11-17 01:55:57",5,5,5,5,"Perfect as christmas gift sa classmates niya! Thank you! 💗",lollipop,no,ph,yes,,https://down-cvs-sg.vod.susercontent.com/api/v4/11110103/mms/ph-11110103-6ke17-lo69oqfi696z85.default.mp4,"Rating Total: 755; No Stars: 10 reviews; *: 8 reviews; **: 18 reviews; ***: 61 reviews; ****: 658 reviews;  With Context: 114;  With Image: 83;  With Media: 84;  Local Review: 755; ",https://shopee.vn/shop/222282188,https://shopee.ph/p-i.991635618.22671552659,,https://down-cvs-sg.vod.susercontent.com/api/v4/11110103/mms/ph-11110103-6ke17-lo69oqfi696z85.default.mp4
59,,carlaelainenavarrozafrancisco,"2023-11-17 04:49:24",5,5,5,5,"Quality:10/10
Performance:10/10
Suitability:10/10

Ang cute lang hehe sure ako magugustuhan ng kiddo ko to 😍
https://cf.shopee.vn/file/ph-11134103-7r98r-lo6fdu1x4w9m9d
https://cf.shopee.vn/file/ph-11134103-7r98x-lo6fdu1x6au2c9
https://cf.shopee.vn/file/ph-11134103-7r98q-lo6fdu1x7peif8
https://cf.shopee.vn/file/ph-11134103-7r98w-lo6fdu1x93yycc
https://cf.shopee.vn/file/ph-11134103-7r98u-lo6fdu1xaije74
https://cf.shopee.vn/file/ph-11134103-7r98r-lo6fdu1x4w9m9d
https://cf.shopee.vn/file/ph-11134103-7r98x-lo6fdu1x6au2c9
https://cf.shopee.vn/file/ph-11134103-7r98q-lo6fdu1x7peif8
https://cf.shopee.vn/file/ph-11134103-7r98w-lo6fdu1x93yycc
https://cf.shopee.vn/file/ph-11134103-7r98u-lo6fdu1xaije74","cream stick",no,ph,yes,"https://cf.shopee.vn/file/ph-11134103-7r98r-lo6fdu1x4w9m9d, https://cf.shopee.vn/file/ph-11134103-7r98x-lo6fdu1x6au2c9, https://cf.shopee.vn/file/ph-11134103-7r98q-lo6fdu1x7peif8, https://cf.shopee.vn/file/ph-11134103-7r98w-lo6fdu1x93yycc, https://cf.shopee.vn/file/ph-11134103-7r98u-lo6fdu1xaije74",https://down-tx-sg.vod.susercontent.com/api/v4/11110103/mms/ph-11110103-6ke16-lo6feu965qvu0f.default.mp4,"Rating Total: 755; No Stars: 10 reviews; *: 8 reviews; **: 18 reviews; ***: 61 reviews; ****: 658 reviews;  With Context: 114;  With Image: 83;  With Media: 84;  Local Review: 755; ",https://shopee.vn/shop/150638584,https://shopee.ph/p-i.991635618.22671552659,"https://cf.shopee.vn/file/ph-11134103-7r98r-lo6fdu1x4w9m9d,https://cf.shopee.vn/file/ph-11134103-7r98x-lo6fdu1x6au2c9,https://cf.shopee.vn/file/ph-11134103-7r98q-lo6fdu1x7peif8,https://cf.shopee.vn/file/ph-11134103-7r98w-lo6fdu1x93yycc,https://cf.shopee.vn/file/ph-11134103-7r98u-lo6fdu1xaije74",https://down-tx-sg.vod.susercontent.com/api/v4/11110103/mms/ph-11110103-6ke16-lo6feu965qvu0f.default.mp4
60,,lkp_sarrah03,"2023-11-17 23:02:34",5,5,5,5,"Ang cute ng eraser tamang tama pang regalo",lollipop,no,ph,no,,,"Rating Total: 755; No Stars: 10 reviews; *: 8 reviews; **: 18 reviews; ***: 61 reviews; ****: 658 reviews;  With Context: 114;  With Image: 83;  With Media: 84;  Local Review: 755; ",https://shopee.vn/shop/198815592,https://shopee.ph/p-i.991635618.22671552659,,
61,,michelledelaombria,"2023-11-18 01:01:33",5,5,5,5,"Ang cute magugustuhan ng mga bata na reregaluhan ko 😍",doughnut,no,ph,no,,,"Rating Total: 755; No Stars: 10 reviews; *: 8 reviews; **: 18 reviews; ***: 61 reviews; ****: 658 reviews;  With Context: 114;  With Image: 83;  With Media: 84;  Local Review: 755; ",https://shopee.vn/shop/772820677,https://shopee.ph/p-i.991635618.22671552659,,
62,,margie677,"2023-11-18 05:03:59",3,3,3,3,"Tama naman nabigay na eraser.
https://cf.shopee.vn/file/ph-11134103-7r98o-lo7u82zkp46275
https://cf.shopee.vn/file/ph-11134103-7r98o-lo7u82zkp46275","cream stick",no,ph,yes,https://cf.shopee.vn/file/ph-11134103-7r98o-lo7u82zkp46275,,"Rating Total: 755; No Stars: 10 reviews; *: 8 reviews; **: 18 reviews; ***: 61 reviews; ****: 658 reviews;  With Context: 114;  With Image: 83;  With Media: 84;  Local Review: 755; ",https://shopee.vn/shop/869598237,https://shopee.ph/p-i.991635618.22671552659,https://cf.shopee.vn/file/ph-11134103-7r98o-lo7u82zkp46275,
63,,marymepania,"2023-11-18 07:56:37",5,5,5,5,"Quality:cute
Suitability:nice
Performance:good

Received completely. Very cute these erasers.. mukhang candies nga tlga..hindi nmm sya toxic dba......
https://cf.shopee.vn/file/ph-11134103-7r98z-lo7v19rf3gii80
https://cf.shopee.vn/file/ph-11134103-7r98z-lo7v19rf3gii80",lollipop,no,ph,yes,https://cf.shopee.vn/file/ph-11134103-7r98z-lo7v19rf3gii80,https://down-tx-sg.vod.susercontent.com/api/v4/11110103/mms/ph-11110103-6ke14-lo81e13bkifuec.default.mp4,"Rating Total: 755; No Stars: 10 reviews; *: 8 reviews; **: 18 reviews; ***: 61 reviews; ****: 658 reviews;  With Context: 114;  With Image: 83;  With Media: 84;  Local Review: 755; ",https://shopee.vn/shop/120533302,https://shopee.ph/p-i.991635618.22671552659,https://cf.shopee.vn/file/ph-11134103-7r98z-lo7v19rf3gii80,https://down-tx-sg.vod.susercontent.com/api/v4/11110103/mms/ph-11110103-6ke14-lo81e13bkifuec.default.mp4
64,,angielynm,"2023-11-18 11:46:40",5,5,5,5,"Thank you so much Seller super nice ng product niyo complete at walang mga damage.Mabilis din na deliver po. Bibili po ulit ako sa inyo salamat.
https://cf.shopee.vn/file/ph-11134103-7r98w-lo89ojqv7ymj28
https://cf.shopee.vn/file/ph-11134103-7r98w-lo89ojqv7ymj28","cream stick",no,ph,yes,https://cf.shopee.vn/file/ph-11134103-7r98w-lo89ojqv7ymj28,,"Rating Total: 755; No Stars: 10 reviews; *: 8 reviews; **: 18 reviews; ***: 61 reviews; ****: 658 reviews;  With Context: 114;  With Image: 83;  With Media: 84;  Local Review: 755; ",https://shopee.vn/shop/145740258,https://shopee.ph/p-i.991635618.22671552659,https://cf.shopee.vn/file/ph-11134103-7r98w-lo89ojqv7ymj28,
65,,michellemanalang11,"2023-11-19 05:41:56",5,5,5,5,"Quality:super cute
Suitability:nagustuhan ng kapatid ko
Performance:will buy again
https://cf.shopee.vn/file/ph-11134103-7r98p-lo9c1r0j5sej41
https://cf.shopee.vn/file/ph-11134103-7r98p-lo9c1r0j5sej41",lollipop,no,ph,yes,https://cf.shopee.vn/file/ph-11134103-7r98p-lo9c1r0j5sej41,,"Rating Total: 755; No Stars: 10 reviews; *: 8 reviews; **: 18 reviews; ***: 61 reviews; ****: 658 reviews;  With Context: 114;  With Image: 83;  With Media: 84;  Local Review: 755; ",https://shopee.vn/shop/1070518651,https://shopee.ph/p-i.991635618.22671552659,https://cf.shopee.vn/file/ph-11134103-7r98p-lo9c1r0j5sej41,
66,,zhia_zane,"2023-11-20 04:41:50",5,5,5,5,"Suitability:very good
Quality:a very good quality
Performance:very good

Very accomodating Ang seller..and the items are good
https://cf.shopee.vn/file/ph-11134103-7r991-loapa6dot3bf2d
https://cf.shopee.vn/file/ph-11134103-7r991-loapa6dot3bf2d","cream stick",no,ph,yes,https://cf.shopee.vn/file/ph-11134103-7r991-loapa6dot3bf2d,,"Rating Total: 755; No Stars: 10 reviews; *: 8 reviews; **: 18 reviews; ***: 61 reviews; ****: 658 reviews;  With Context: 114;  With Image: 83;  With Media: 84;  Local Review: 755; ",https://shopee.vn/shop/1024748578,https://shopee.ph/p-i.991635618.22671552659,https://cf.shopee.vn/file/ph-11134103-7r991-loapa6dot3bf2d,
67,,yanyamojica,"2023-11-20 12:30:29",4,5,4,5,"Well packed pero may scratches ang mismong cases ng erasers. Still so cute and the kids will like it.
https://cf.shopee.vn/file/ph-11134103-7r991-lob5x9qnmkpm43
https://cf.shopee.vn/file/ph-11134103-7r991-lob5x9qnmkpm43",lollipop,no,ph,yes,https://cf.shopee.vn/file/ph-11134103-7r991-lob5x9qnmkpm43,,"Rating Total: 755; No Stars: 10 reviews; *: 8 reviews; **: 18 reviews; ***: 61 reviews; ****: 658 reviews;  With Context: 114;  With Image: 83;  With Media: 84;  Local Review: 755; ",https://shopee.vn/shop/48765347,https://shopee.ph/p-i.991635618.22671552659,https://cf.shopee.vn/file/ph-11134103-7r991-lob5x9qnmkpm43,
68,,doncette,"2023-11-21 05:43:55",5,5,5,5,"Performance:10
Quality:10
Suitability:10

Thnx rider",lollipop,no,ph,no,,,"Rating Total: 755; No Stars: 10 reviews; *: 8 reviews; **: 18 reviews; ***: 61 reviews; ****: 658 reviews;  With Context: 114;  With Image: 83;  With Media: 84;  Local Review: 755; ",https://shopee.vn/shop/354436283,https://shopee.ph/p-i.991635618.22671552659,,
69,,o*****y,"2023-11-21 06:21:41",5,5,5,5,"This is my favorite out of all the stuff I bought from them. The lollipop eraser is the cutest! Will buy other designs soon.
https://cf.shopee.vn/file/ph-11134103-7r98x-loc7gdygk5lm00
https://cf.shopee.vn/file/ph-11134103-7r98x-loc7gdygk5lm00",lollipop,no,ph,yes,https://cf.shopee.vn/file/ph-11134103-7r98x-loc7gdygk5lm00,https://vod.sp-cdn.shopee.com/c3/98934353/103/A3oyOcL=ALTj7sEvEdkHACY.mp4,"Rating Total: 755; No Stars: 10 reviews; *: 8 reviews; **: 18 reviews; ***: 61 reviews; ****: 658 reviews;  With Context: 114;  With Image: 83;  With Media: 84;  Local Review: 755; ",https://shopee.vn/shop/261595084,https://shopee.ph/p-i.991635618.22671552659,https://cf.shopee.vn/file/ph-11134103-7r98x-loc7gdygk5lm00,https://vod.sp-cdn.shopee.com/c3/98934353/103/A3oyOcL=ALTj7sEvEdkHACY.mp4
70,,g*****n,"2023-11-23 03:04:38",5,5,5,5,"napaka cute ng eraser nato moka shang tunay na lolipop😂 magugustuhan talaga to sa bata will order again tnx.. seller
https://cf.shopee.vn/file/ph-11134103-7r990-loevw4883nja49
https://cf.shopee.vn/file/ph-11134103-7r990-loevw4883nja49",lollipop,no,ph,yes,https://cf.shopee.vn/file/ph-11134103-7r990-loevw4883nja49,https://down-tx-sg.vod.susercontent.com/api/v4/11110103/mms/ph-11110103-6ke14-loevxtauq81x1d.default.mp4,"Rating Total: 755; No Stars: 10 reviews; *: 8 reviews; **: 18 reviews; ***: 61 reviews; ****: 658 reviews;  With Context: 114;  With Image: 83;  With Media: 84;  Local Review: 755; ",https://shopee.vn/shop/911984670,https://shopee.ph/p-i.991635618.22671552659,https://cf.shopee.vn/file/ph-11134103-7r990-loevw4883nja49,https://down-tx-sg.vod.susercontent.com/api/v4/11110103/mms/ph-11110103-6ke14-loevxtauq81x1d.default.mp4
71,,b*****.,"2023-11-26 02:18:52",5,5,5,5,"Suitability:good
Performance:good
Quality:good

The seller secured the packaging, complete and fast delivery.. the product is good as well. Thanks seller.
https://cf.shopee.vn/file/ph-11134103-7r98z-loj4h0z6n9ie42
https://cf.shopee.vn/file/ph-11134103-7r98z-loj4h0z6n9ie42","cream cone",no,ph,yes,https://cf.shopee.vn/file/ph-11134103-7r98z-loj4h0z6n9ie42,https://down-tx-sg.vod.susercontent.com/api/v4/11110103/mms/ph-11110103-6ke18-loj4hxn2t2rp34.default.mp4,"Rating Total: 755; No Stars: 10 reviews; *: 8 reviews; **: 18 reviews; ***: 61 reviews; ****: 658 reviews;  With Context: 114;  With Image: 83;  With Media: 84;  Local Review: 755; ",https://shopee.vn/shop/204717142,https://shopee.ph/p-i.991635618.22671552659,https://cf.shopee.vn/file/ph-11134103-7r98z-loj4h0z6n9ie42,https://down-tx-sg.vod.susercontent.com/api/v4/11110103/mms/ph-11110103-6ke18-loj4hxn2t2rp34.default.mp4
72,,kimmyfretty02,"2023-11-26 09:04:02",5,5,5,5,"
https://cf.shopee.vn/file/ph-11134103-7r990-lojiyk73ch8lb8
https://cf.shopee.vn/file/ph-11134103-7r990-lojiyk73ch8lb8","cream stick",no,ph,yes,https://cf.shopee.vn/file/ph-11134103-7r990-lojiyk73ch8lb8,,"Rating Total: 755; No Stars: 10 reviews; *: 8 reviews; **: 18 reviews; ***: 61 reviews; ****: 658 reviews;  With Context: 114;  With Image: 83;  With Media: 84;  Local Review: 755; ",https://shopee.vn/shop/211426771,https://shopee.ph/p-i.991635618.22671552659,https://cf.shopee.vn/file/ph-11134103-7r990-lojiyk73ch8lb8,
73,,cherryann062288,"2023-11-28 01:23:57",5,5,5,5,"Ganda☺️
https://cf.shopee.vn/file/ph-11134103-7r98t-lolxadokc9xh38
https://cf.shopee.vn/file/ph-11134103-7r98t-lolxadokc9xh38",lollipop,no,ph,yes,https://cf.shopee.vn/file/ph-11134103-7r98t-lolxadokc9xh38,,"Rating Total: 755; No Stars: 10 reviews; *: 8 reviews; **: 18 reviews; ***: 61 reviews; ****: 658 reviews;  With Context: 114;  With Image: 83;  With Media: 84;  Local Review: 755; ",https://shopee.vn/shop/647667630,https://shopee.ph/p-i.991635618.22671552659,https://cf.shopee.vn/file/ph-11134103-7r98t-lolxadokc9xh38,
74,,randyrivera698,"2023-11-28 23:18:58",3,3,3,3,"Average quality","cream cone",no,ph,no,,,"Rating Total: 755; No Stars: 10 reviews; *: 8 reviews; **: 18 reviews; ***: 61 reviews; ****: 658 reviews;  With Context: 114;  With Image: 83;  With Media: 84;  Local Review: 755; ",https://shopee.vn/shop/665926151,https://shopee.ph/p-i.991635618.22671552659,,
75,,kleantssyzia,"2023-11-30 04:01:13",5,5,5,5,"Very satisfied with the product. Super love it  ❤️ Worth the price and definitely worth the wait. Thank you dear seller. God bless you
https://cf.shopee.vn/file/ph-11134103-7r992-looxkaq9wejo55
https://cf.shopee.vn/file/ph-11134103-7r992-looxkaq9wejo55",lollipop,no,ph,yes,https://cf.shopee.vn/file/ph-11134103-7r992-looxkaq9wejo55,https://down-tx-sg.vod.susercontent.com/api/v4/11110103/mms/ph-11110103-6ke17-looxo7y8ys2s2f.default.mp4,"Rating Total: 755; No Stars: 10 reviews; *: 8 reviews; **: 18 reviews; ***: 61 reviews; ****: 658 reviews;  With Context: 114;  With Image: 83;  With Media: 84;  Local Review: 755; ",https://shopee.vn/shop/111460488,https://shopee.ph/p-i.991635618.22671552659,https://cf.shopee.vn/file/ph-11134103-7r992-looxkaq9wejo55,https://down-tx-sg.vod.susercontent.com/api/v4/11110103/mms/ph-11110103-6ke17-looxo7y8ys2s2f.default.mp4
76,,s*****4,"2023-12-01 13:45:17",5,5,5,5,"Super cute nung item at mabilis lang din dumating. Nagustuhan din ng pinagbigyan ko order ako ulit next time thank you seller, salamat shopee
https://cf.shopee.vn/file/ph-11134103-7r98v-loqxq92he0f8a2
https://cf.shopee.vn/file/ph-11134103-7r98v-loqxq92he0f8a2",doughnut,no,ph,yes,https://cf.shopee.vn/file/ph-11134103-7r98v-loqxq92he0f8a2,https://down-tx-sg.vod.susercontent.com/api/v4/11110103/mms/ph-11110103-6ke14-loqxwn8obqg4a7.default.mp4,"Rating Total: 755; No Stars: 10 reviews; *: 8 reviews; **: 18 reviews; ***: 61 reviews; ****: 658 reviews;  With Context: 114;  With Image: 83;  With Media: 84;  Local Review: 755; ",https://shopee.vn/shop/198090915,https://shopee.ph/p-i.991635618.22671552659,https://cf.shopee.vn/file/ph-11134103-7r98v-loqxq92he0f8a2,https://down-tx-sg.vod.susercontent.com/api/v4/11110103/mms/ph-11110103-6ke14-loqxwn8obqg4a7.default.mp4
77,,j*****g,"2023-12-01 13:57:08",5,4,5,5,"Binili ko lang kasi cutie. For display purposes hehehe","cream stick",no,ph,no,,,"Rating Total: 755; No Stars: 10 reviews; *: 8 reviews; **: 18 reviews; ***: 61 reviews; ****: 658 reviews;  With Context: 114;  With Image: 83;  With Media: 84;  Local Review: 755; ",https://shopee.vn/shop/59638925,https://shopee.ph/p-i.991635618.22671552659,,
78,,j*****2,"2023-12-02 11:35:26",5,5,5,5,"The products are all cute :)

Well-packed and sealed properly 🙂🙂

Thank you so much 🙂🙂

(No actual pictures coz' I already wrapped it)
https://cf.shopee.vn/file/ph-11134103-7r98s-los8atfj073k98
https://cf.shopee.vn/file/ph-11134103-7r98s-los8atfj073k98","cream stick",no,ph,yes,https://cf.shopee.vn/file/ph-11134103-7r98s-los8atfj073k98,https://down-tx-sg.vod.susercontent.com/api/v4/11110103/mms/ph-11110103-6ke14-los8gueff2qs9e.default.mp4,"Rating Total: 755; No Stars: 10 reviews; *: 8 reviews; **: 18 reviews; ***: 61 reviews; ****: 658 reviews;  With Context: 114;  With Image: 83;  With Media: 84;  Local Review: 755; ",https://shopee.vn/shop/526105644,https://shopee.ph/p-i.991635618.22671552659,https://cf.shopee.vn/file/ph-11134103-7r98s-los8atfj073k98,https://down-tx-sg.vod.susercontent.com/api/v4/11110103/mms/ph-11110103-6ke14-los8gueff2qs9e.default.mp4
79,,j*****4,"2023-12-04 06:01:00",5,5,5,5,"
https://cf.shopee.vn/file/ph-11134103-7r98t-lourdl341f5c40
https://cf.shopee.vn/file/ph-11134103-7r98t-lourdl341f5c40",lollipop,no,ph,yes,https://cf.shopee.vn/file/ph-11134103-7r98t-lourdl341f5c40,https://down-cvs-sg.vod.susercontent.com/api/v4/11110103/mms/ph-11110103-6ke16-lourectfgi5sb5.default.mp4,"Rating Total: 755; No Stars: 10 reviews; *: 8 reviews; **: 18 reviews; ***: 61 reviews; ****: 658 reviews;  With Context: 114;  With Image: 83;  With Media: 84;  Local Review: 755; ",https://shopee.vn/shop/415997869,https://shopee.ph/p-i.991635618.22671552659,https://cf.shopee.vn/file/ph-11134103-7r98t-lourdl341f5c40,https://down-cvs-sg.vod.susercontent.com/api/v4/11110103/mms/ph-11110103-6ke16-lourectfgi5sb5.default.mp4
80,,c*****8,"2023-12-04 10:11:23",5,5,5,5,"Thank you po, seller! Grabe yong packaging. Hahaha yong tipong parang ayaw ipabukas yong parcel. 🤗 Ang cucute po. ❤️",lollipop,no,ph,no,,,"Rating Total: 755; No Stars: 10 reviews; *: 8 reviews; **: 18 reviews; ***: 61 reviews; ****: 658 reviews;  With Context: 114;  With Image: 83;  With Media: 84;  Local Review: 755; ",https://shopee.vn/shop/352483640,https://shopee.ph/p-i.991635618.22671552659,,
81,,i*****5,"2023-12-04 10:42:39",5,5,5,5,"Thank you so much seller balot na balot hehe",lollipop,no,ph,no,,,"Rating Total: 755; No Stars: 10 reviews; *: 8 reviews; **: 18 reviews; ***: 61 reviews; ****: 658 reviews;  With Context: 114;  With Image: 83;  With Media: 84;  Local Review: 755; ",https://shopee.vn/shop/25320854,https://shopee.ph/p-i.991635618.22671552659,,
82,,sayuripot,"2023-12-05 02:44:33",5,5,5,5,"Performance:good
Suitability:good
Quality:good

Thank u seller!
https://cf.shopee.vn/file/ph-11134103-7r98o-lovzuemc703z7d
https://cf.shopee.vn/file/ph-11134103-7r992-lovzuemc8eof68
https://cf.shopee.vn/file/ph-11134103-7r98o-lovzutiydqeh3a
https://cf.shopee.vn/file/ph-11134103-7r98o-lovzuemc703z7d
https://cf.shopee.vn/file/ph-11134103-7r992-lovzuemc8eof68
https://cf.shopee.vn/file/ph-11134103-7r98o-lovzutiydqeh3a",lollipop,no,ph,yes,"https://cf.shopee.vn/file/ph-11134103-7r98o-lovzuemc703z7d, https://cf.shopee.vn/file/ph-11134103-7r992-lovzuemc8eof68, https://cf.shopee.vn/file/ph-11134103-7r98o-lovzutiydqeh3a",,"Rating Total: 755; No Stars: 10 reviews; *: 8 reviews; **: 18 reviews; ***: 61 reviews; ****: 658 reviews;  With Context: 114;  With Image: 83;  With Media: 84;  Local Review: 755; ",https://shopee.vn/shop/446145803,https://shopee.ph/p-i.991635618.22671552659,"https://cf.shopee.vn/file/ph-11134103-7r98o-lovzuemc703z7d,https://cf.shopee.vn/file/ph-11134103-7r992-lovzuemc8eof68,https://cf.shopee.vn/file/ph-11134103-7r98o-lovzutiydqeh3a",
83,,fatimacastro0809,"2023-12-07 07:21:19",5,5,5,5,"
https://cf.shopee.vn/file/ph-11134103-7r98w-loz4erb3p45rb4
https://cf.shopee.vn/file/ph-11134103-7r98s-loz4erb3qiq7ba
https://cf.shopee.vn/file/ph-11134103-7r98w-loz4erb3p45rb4
https://cf.shopee.vn/file/ph-11134103-7r98s-loz4erb3qiq7ba",lollipop,no,ph,yes,"https://cf.shopee.vn/file/ph-11134103-7r98w-loz4erb3p45rb4, https://cf.shopee.vn/file/ph-11134103-7r98s-loz4erb3qiq7ba",,"Rating Total: 755; No Stars: 10 reviews; *: 8 reviews; **: 18 reviews; ***: 61 reviews; ****: 658 reviews;  With Context: 114;  With Image: 83;  With Media: 84;  Local Review: 755; ",https://shopee.vn/shop/340998068,https://shopee.ph/p-i.991635618.22671552659,"https://cf.shopee.vn/file/ph-11134103-7r98w-loz4erb3p45rb4,https://cf.shopee.vn/file/ph-11134103-7r98s-loz4erb3qiq7ba",
84,,shendshopper,"2023-12-07 16:06:59",2,4,2,2,"Mali yung pinadala nyo na 7pcs, kung out of stock sabihin nyo, di yung nag desisyon na kayong palitan.
https://cf.shopee.vn/file/ph-11134103-7r991-lozn6bozoh8v90
https://cf.shopee.vn/file/ph-11134103-7r98s-lozn6bozpvtb53
https://cf.shopee.vn/file/ph-11134103-7r990-lozn7e5jeczzf6
https://cf.shopee.vn/file/ph-11134103-7r991-lozn6bozoh8v90
https://cf.shopee.vn/file/ph-11134103-7r98s-lozn6bozpvtb53
https://cf.shopee.vn/file/ph-11134103-7r990-lozn7e5jeczzf6","cream cone",no,ph,yes,"https://cf.shopee.vn/file/ph-11134103-7r991-lozn6bozoh8v90, https://cf.shopee.vn/file/ph-11134103-7r98s-lozn6bozpvtb53, https://cf.shopee.vn/file/ph-11134103-7r990-lozn7e5jeczzf6",,"Rating Total: 755; No Stars: 10 reviews; *: 8 reviews; **: 18 reviews; ***: 61 reviews; ****: 658 reviews;  With Context: 114;  With Image: 83;  With Media: 84;  Local Review: 755; ",https://shopee.vn/shop/5039124,https://shopee.ph/p-i.991635618.22671552659,"https://cf.shopee.vn/file/ph-11134103-7r991-lozn6bozoh8v90,https://cf.shopee.vn/file/ph-11134103-7r98s-lozn6bozpvtb53,https://cf.shopee.vn/file/ph-11134103-7r990-lozn7e5jeczzf6",
85,,aj110519,"2023-12-08 01:12:11",5,5,5,5,"Super sale ng mga books nakaka enjoy pa mabuod ng live tuwing weekdays 7pm onwards kaya guys nuod and follow nyu na ang page. Promise d kyo magsisisi
https://cf.shopee.vn/file/ph-11134103-7r98v-lp06krn2r51r2b
https://cf.shopee.vn/file/ph-11134103-7r98v-lp06krn2r51r2b",lollipop,no,ph,yes,https://cf.shopee.vn/file/ph-11134103-7r98v-lp06krn2r51r2b,https://down-tx-sg.vod.susercontent.com/api/v4/11110103/mms/ph-11110103-6ke15-lp06p4teju216e.default.mp4,"Rating Total: 755; No Stars: 10 reviews; *: 8 reviews; **: 18 reviews; ***: 61 reviews; ****: 658 reviews;  With Context: 114;  With Image: 83;  With Media: 84;  Local Review: 755; ",https://shopee.vn/shop/489838688,https://shopee.ph/p-i.991635618.22671552659,https://cf.shopee.vn/file/ph-11134103-7r98v-lp06krn2r51r2b,https://down-tx-sg.vod.susercontent.com/api/v4/11110103/mms/ph-11110103-6ke15-lp06p4teju216e.default.mp4
86,,v*****n,"2023-12-08 04:21:06",5,5,5,5,"Secured and nice packaging, items are excellent and in good condition. Delivered right away!  Satisfied with this shop. Thank you so much! Looking forward for my next order..
https://cf.shopee.vn/file/ph-11134103-7r991-lp0d0c0tgvgv21
https://cf.shopee.vn/file/ph-11134103-7r991-lp0d0c0tgvgv21","cream cone",no,ph,yes,https://cf.shopee.vn/file/ph-11134103-7r991-lp0d0c0tgvgv21,https://down-tx-sg.vod.susercontent.com/api/v4/11110103/mms/ph-11110103-6ke14-lp0dc35w234f12.default.mp4,"Rating Total: 755; No Stars: 10 reviews; *: 8 reviews; **: 18 reviews; ***: 61 reviews; ****: 658 reviews;  With Context: 114;  With Image: 83;  With Media: 84;  Local Review: 755; ",https://shopee.vn/shop/319135266,https://shopee.ph/p-i.991635618.22671552659,https://cf.shopee.vn/file/ph-11134103-7r991-lp0d0c0tgvgv21,https://down-tx-sg.vod.susercontent.com/api/v4/11110103/mms/ph-11110103-6ke14-lp0dc35w234f12.default.mp4
87,,kristinamaridcpalma,"2023-12-08 04:32:51",5,5,5,5,"Quality:superb
Suitability:superb
Performance:superb

parang ayaw ko na tong gamitin para hindi masira. ang cute,sarap na lang ipang display pero bahala na yung makakareceive nito.
https://cf.shopee.vn/file/ph-11134103-7r98v-lp0dho0cm24vad
https://cf.shopee.vn/file/ph-11134103-7r98v-lp0dho0cm24vad",lollipop,no,ph,yes,https://cf.shopee.vn/file/ph-11134103-7r98v-lp0dho0cm24vad,https://down-tx-sg.vod.susercontent.com/api/v4/11110103/mms/ph-11110103-6ke16-lp0dq2h5iqmnfd.default.mp4,"Rating Total: 755; No Stars: 10 reviews; *: 8 reviews; **: 18 reviews; ***: 61 reviews; ****: 658 reviews;  With Context: 114;  With Image: 83;  With Media: 84;  Local Review: 755; ",https://shopee.vn/shop/120787665,https://shopee.ph/p-i.991635618.22671552659,https://cf.shopee.vn/file/ph-11134103-7r98v-lp0dho0cm24vad,https://down-tx-sg.vod.susercontent.com/api/v4/11110103/mms/ph-11110103-6ke16-lp0dq2h5iqmnfd.default.mp4
88,,m*****n,"2023-12-08 04:50:51",5,5,5,3,"Order ko iba iba design ng eraser pero pinadala puro doughnut
Buot buot man ka seller oi","cream stick",no,ph,no,,,"Rating Total: 755; No Stars: 10 reviews; *: 8 reviews; **: 18 reviews; ***: 61 reviews; ****: 658 reviews;  With Context: 114;  With Image: 83;  With Media: 84;  Local Review: 755; ",https://shopee.vn/shop/82076768,https://shopee.ph/p-i.991635618.22671552659,,
89,,timmyjd21,"2023-12-09 23:47:02",4,4,4,4,"Ice cream order ko design natanggap ko donut","cream stick",no,ph,no,,,"Rating Total: 755; No Stars: 10 reviews; *: 8 reviews; **: 18 reviews; ***: 61 reviews; ****: 658 reviews;  With Context: 114;  With Image: 83;  With Media: 84;  Local Review: 755; ",https://shopee.vn/shop/307049005,https://shopee.ph/p-i.991635618.22671552659,,
90,,chellecaringal,"2023-12-10 02:27:18",4,4,4,4,"Quality:okay nmn sya cute",doughnut,no,ph,no,,,"Rating Total: 755; No Stars: 10 reviews; *: 8 reviews; **: 18 reviews; ***: 61 reviews; ****: 658 reviews;  With Context: 114;  With Image: 83;  With Media: 84;  Local Review: 755; ",https://shopee.vn/shop/131663950,https://shopee.ph/p-i.991635618.22671552659,,
91,,x0lxl41j37,"2023-12-10 11:41:24",5,5,5,5,"Performance:very nice
Quality:good
https://cf.shopee.vn/file/ph-11134103-7r98w-lp3nsxs0wb4fcd
https://cf.shopee.vn/file/ph-11134103-7r98w-lp3nsxs0wb4fcd",doughnut,no,ph,yes,https://cf.shopee.vn/file/ph-11134103-7r98w-lp3nsxs0wb4fcd,,"Rating Total: 755; No Stars: 10 reviews; *: 8 reviews; **: 18 reviews; ***: 61 reviews; ****: 658 reviews;  With Context: 114;  With Image: 83;  With Media: 84;  Local Review: 755; ",https://shopee.vn/shop/681492020,https://shopee.ph/p-i.991635618.22671552659,https://cf.shopee.vn/file/ph-11134103-7r98w-lp3nsxs0wb4fcd,
92,,tiwydamn,"2023-12-10 13:06:19",3,5,3,2,"I ordered 17 ice creams, 13 lollipops,

I got 30 donuts. What's the sense of different variation?","cream stick",no,ph,no,,,"Rating Total: 755; No Stars: 10 reviews; *: 8 reviews; **: 18 reviews; ***: 61 reviews; ****: 658 reviews;  With Context: 114;  With Image: 83;  With Media: 84;  Local Review: 755; ",https://shopee.vn/shop/112814057,https://shopee.ph/p-i.991635618.22671552659,,
93,,c*****s,"2023-12-10 13:07:52",5,5,5,5,"Quality:nice
Suitability:cute
Performance:good

Super cute nito! I'm gonna give it to my godchildren alongside with other gifts this christmas. Thanks seller for a very cute eraser! Merry Christmas! ☺️🎁🫶
https://cf.shopee.vn/file/ph-11134103-7r98y-lp3qlgnb75yh33
https://cf.shopee.vn/file/ph-11134103-7r98t-lp3qlgnb8kix01
https://cf.shopee.vn/file/ph-11134103-7r98z-lp3qlgnb9z3d8a
https://cf.shopee.vn/file/ph-11134103-7r98u-lp3qlgnbbdnt40
https://cf.shopee.vn/file/ph-11134103-7r992-lp3qlgnbcs8947
https://cf.shopee.vn/file/ph-11134103-7r98y-lp3qlgnb75yh33
https://cf.shopee.vn/file/ph-11134103-7r98t-lp3qlgnb8kix01
https://cf.shopee.vn/file/ph-11134103-7r98z-lp3qlgnb9z3d8a
https://cf.shopee.vn/file/ph-11134103-7r98u-lp3qlgnbbdnt40
https://cf.shopee.vn/file/ph-11134103-7r992-lp3qlgnbcs8947",lollipop,no,ph,yes,"https://cf.shopee.vn/file/ph-11134103-7r98y-lp3qlgnb75yh33, https://cf.shopee.vn/file/ph-11134103-7r98t-lp3qlgnb8kix01, https://cf.shopee.vn/file/ph-11134103-7r98z-lp3qlgnb9z3d8a, https://cf.shopee.vn/file/ph-11134103-7r98u-lp3qlgnbbdnt40, https://cf.shopee.vn/file/ph-11134103-7r992-lp3qlgnbcs8947",https://down-cvs-sg.vod.susercontent.com/api/v4/11110103/mms/ph-11110103-6ke15-lp3qz5t5a50p64.default.mp4,"Rating Total: 755; No Stars: 10 reviews; *: 8 reviews; **: 18 reviews; ***: 61 reviews; ****: 658 reviews;  With Context: 114;  With Image: 83;  With Media: 84;  Local Review: 755; ",https://shopee.vn/shop/409780836,https://shopee.ph/p-i.991635618.22671552659,"https://cf.shopee.vn/file/ph-11134103-7r98y-lp3qlgnb75yh33,https://cf.shopee.vn/file/ph-11134103-7r98t-lp3qlgnb8kix01,https://cf.shopee.vn/file/ph-11134103-7r98z-lp3qlgnb9z3d8a,https://cf.shopee.vn/file/ph-11134103-7r98u-lp3qlgnbbdnt40,https://cf.shopee.vn/file/ph-11134103-7r992-lp3qlgnbcs8947",https://down-cvs-sg.vod.susercontent.com/api/v4/11110103/mms/ph-11110103-6ke15-lp3qz5t5a50p64.default.mp4
94,,y*****o,"2023-12-10 21:49:43",1,1,1,1,"Wala po ito sa parcel ko..pakidoublecheck po next time pag nag pack po kayo.. Sayang di ako na kapag video pag open ko ka hapon","cream cone",no,ph,no,,,"Rating Total: 755; No Stars: 10 reviews; *: 8 reviews; **: 18 reviews; ***: 61 reviews; ****: 658 reviews;  With Context: 114;  With Image: 83;  With Media: 84;  Local Review: 755; ",https://shopee.vn/shop/819738018,https://shopee.ph/p-i.991635618.22671552659,,
95,,paulrenvikevin10172530,"2023-12-10 22:33:53",5,5,5,5,"Thank You so much",lollipop,no,ph,no,,,"Rating Total: 755; No Stars: 10 reviews; *: 8 reviews; **: 18 reviews; ***: 61 reviews; ****: 658 reviews;  With Context: 114;  With Image: 83;  With Media: 84;  Local Review: 755; ",https://shopee.vn/shop/97006589,https://shopee.ph/p-i.991635618.22671552659,,
96,,e*****n,"2023-12-11 00:35:33",5,5,5,5,"Performance:Good
Suitability:Good
Quality:Good

Good item. Seller just needs to check carefully the orders to avoid wrong items.","cream stick",no,ph,no,,,"Rating Total: 755; No Stars: 10 reviews; *: 8 reviews; **: 18 reviews; ***: 61 reviews; ****: 658 reviews;  With Context: 114;  With Image: 83;  With Media: 84;  Local Review: 755; ",https://shopee.vn/shop/189575529,https://shopee.ph/p-i.991635618.22671552659,,
97,,t*****a,"2023-12-11 06:29:48",5,5,5,5,"Performance:works like an eraser
Suitability:great
Quality:great quality for the price

Quality of items are great and they were delivered with no damage. Perfect for gifts!
https://cf.shopee.vn/file/ph-11134103-7r98q-lp4s1y34lc6hd3
https://cf.shopee.vn/file/ph-11134103-7r98q-lp4s1y34lc6hd3",lollipop,no,ph,yes,https://cf.shopee.vn/file/ph-11134103-7r98q-lp4s1y34lc6hd3,https://down-tx-sg.vod.susercontent.com/api/v4/11110103/mms/ph-11110103-6ke14-lp4s2914krin6e.default.mp4,"Rating Total: 755; No Stars: 10 reviews; *: 8 reviews; **: 18 reviews; ***: 61 reviews; ****: 658 reviews;  With Context: 114;  With Image: 83;  With Media: 84;  Local Review: 755; ",https://shopee.vn/shop/272228457,https://shopee.ph/p-i.991635618.22671552659,https://cf.shopee.vn/file/ph-11134103-7r98q-lp4s1y34lc6hd3,https://down-tx-sg.vod.susercontent.com/api/v4/11110103/mms/ph-11110103-6ke14-lp4s2914krin6e.default.mp4
98,,c7nihb9ceo,"2023-12-12 23:16:43",5,5,5,5,"Quality:goods

Thank you seller complete orders. Will order next time
Excellent quality my bbs loves it and sealed and sealed and sealed and sealed and
https://cf.shopee.vn/file/ph-11134103-7r992-lp77gi5au1cf7e
https://cf.shopee.vn/file/ph-11134103-7r992-lp77gi5au1cf7e",lollipop,no,ph,yes,https://cf.shopee.vn/file/ph-11134103-7r992-lp77gi5au1cf7e,https://down-tx-sg.vod.susercontent.com/api/v4/11110103/mms/ph-11110103-6ke16-lp77hzdgxyi137.default.mp4,"Rating Total: 755; No Stars: 10 reviews; *: 8 reviews; **: 18 reviews; ***: 61 reviews; ****: 658 reviews;  With Context: 114;  With Image: 83;  With Media: 84;  Local Review: 755; ",https://shopee.vn/shop/1123281505,https://shopee.ph/p-i.991635618.22671552659,https://cf.shopee.vn/file/ph-11134103-7r992-lp77gi5au1cf7e,https://down-tx-sg.vod.susercontent.com/api/v4/11110103/mms/ph-11110103-6ke16-lp77hzdgxyi137.default.mp4
99,,sherwinvisayana,"2023-12-14 11:40:01",2,3,2,1,"Kulang ang pinadala tapos ayaw i refund !!!!",lollipop,no,ph,no,,,"Rating Total: 755; No Stars: 10 reviews; *: 8 reviews; **: 18 reviews; ***: 61 reviews; ****: 658 reviews;  With Context: 114;  With Image: 83;  With Media: 84;  Local Review: 755; ",https://shopee.vn/shop/982046119,https://shopee.ph/p-i.991635618.22671552659,,
100,,jhoycee084,"2023-12-18 02:49:14",4,5,4,5,"Suitability:okay
Performance:okay
Quality:okay

Sobrang liit pala pero ok lang ang cute pinamigay ko sa mga bata..thanks",doughnut,no,ph,no,,,"Rating Total: 755; No Stars: 10 reviews; *: 8 reviews; **: 18 reviews; ***: 61 reviews; ****: 658 reviews;  With Context: 114;  With Image: 83;  With Media: 84;  Local Review: 755; ",https://shopee.vn/shop/258555906,https://shopee.ph/p-i.991635618.22671552659,,
101,,maiagnasleocadio,"2023-12-20 02:46:48",1,5,1,2,"Hindi naisali sa dumating na mga orders ko..bat ganun?",doughnut,no,ph,no,,,"Rating Total: 755; No Stars: 10 reviews; *: 8 reviews; **: 18 reviews; ***: 61 reviews; ****: 658 reviews;  With Context: 114;  With Image: 83;  With Media: 84;  Local Review: 755; ",https://shopee.vn/shop/171724388,https://shopee.ph/p-i.991635618.22671552659,,
102,,e*****a,"2023-12-21 04:48:21",5,5,5,5,"Give away for kids","cream stick",no,ph,no,,,"Rating Total: 755; No Stars: 10 reviews; *: 8 reviews; **: 18 reviews; ***: 61 reviews; ****: 658 reviews;  With Context: 114;  With Image: 83;  With Media: 84;  Local Review: 755; ",https://shopee.vn/shop/58519920,https://shopee.ph/p-i.991635618.22671552659,,
103,,m*****i,"2023-12-28 12:33:16",5,5,5,5,"Performance:good
Quality:good
Suitability:good

Thank you seller and shoppe. Received the items complete. Ang cute ng mga erasers.
https://cf.shopee.vn/file/ph-11134103-7r98x-lpsx8rwegv9r06
https://cf.shopee.vn/file/ph-11134103-7r98t-lpsx8rwei9u776
https://cf.shopee.vn/file/ph-11134103-7r98x-lpsx8rwegv9r06
https://cf.shopee.vn/file/ph-11134103-7r98t-lpsx8rwei9u776",lollipop,no,ph,yes,"https://cf.shopee.vn/file/ph-11134103-7r98x-lpsx8rwegv9r06, https://cf.shopee.vn/file/ph-11134103-7r98t-lpsx8rwei9u776",,"Rating Total: 755; No Stars: 10 reviews; *: 8 reviews; **: 18 reviews; ***: 61 reviews; ****: 658 reviews;  With Context: 114;  With Image: 83;  With Media: 84;  Local Review: 755; ",https://shopee.vn/shop/195262183,https://shopee.ph/p-i.991635618.22671552659,"https://cf.shopee.vn/file/ph-11134103-7r98x-lpsx8rwegv9r06,https://cf.shopee.vn/file/ph-11134103-7r98t-lpsx8rwei9u776",
104,,p*****a,"2023-12-29 09:03:59",5,5,5,5,"
https://cf.shopee.vn/file/ph-11134103-7r98z-lpumkkvdnhrv1c
https://cf.shopee.vn/file/ph-11134103-7r98z-lpumkkvdnhrv1c","cream stick",no,ph,yes,https://cf.shopee.vn/file/ph-11134103-7r98z-lpumkkvdnhrv1c,,"Rating Total: 755; No Stars: 10 reviews; *: 8 reviews; **: 18 reviews; ***: 61 reviews; ****: 658 reviews;  With Context: 114;  With Image: 83;  With Media: 84;  Local Review: 755; ",https://shopee.vn/shop/160219901,https://shopee.ph/p-i.991635618.22671552659,https://cf.shopee.vn/file/ph-11134103-7r98z-lpumkkvdnhrv1c,
105,,vjbregner,"2024-01-01 14:21:06",5,5,5,5,"Quality:10/10
Performance:10/10
Suitability:10/10

I received at the right time, and it’s looks prefect. The product have nice material and good quality. A+ seller! Description was accurate! So happy with my purchase!. Thank you.
https://cf.shopee.vn/file/ph-11134103-7r98u-lpz80ukhncjz1a
https://cf.shopee.vn/file/ph-11134103-7r98s-lpz818sestkr10
https://cf.shopee.vn/file/ph-11134103-7r98w-lpz818sf89cfd4
https://cf.shopee.vn/file/ph-11134103-7r98t-lpz818sest3j75
https://cf.shopee.vn/file/ph-11134103-7r98u-lpz80ukhncjz1a
https://cf.shopee.vn/file/ph-11134103-7r98s-lpz818sestkr10
https://cf.shopee.vn/file/ph-11134103-7r98w-lpz818sf89cfd4
https://cf.shopee.vn/file/ph-11134103-7r98t-lpz818sest3j75",lollipop,no,ph,yes,"https://cf.shopee.vn/file/ph-11134103-7r98u-lpz80ukhncjz1a, https://cf.shopee.vn/file/ph-11134103-7r98s-lpz818sestkr10, https://cf.shopee.vn/file/ph-11134103-7r98w-lpz818sf89cfd4, https://cf.shopee.vn/file/ph-11134103-7r98t-lpz818sest3j75",https://down-tx-sg.vod.susercontent.com/api/v4/11110103/mms/ph-11110103-6ke14-lpz81ckd9umnad.default.mp4,"Rating Total: 755; No Stars: 10 reviews; *: 8 reviews; **: 18 reviews; ***: 61 reviews; ****: 658 reviews;  With Context: 114;  With Image: 83;  With Media: 84;  Local Review: 755; ",https://shopee.vn/shop/171981157,https://shopee.ph/p-i.991635618.22671552659,"https://cf.shopee.vn/file/ph-11134103-7r98u-lpz80ukhncjz1a,https://cf.shopee.vn/file/ph-11134103-7r98s-lpz818sestkr10,https://cf.shopee.vn/file/ph-11134103-7r98w-lpz818sf89cfd4,https://cf.shopee.vn/file/ph-11134103-7r98t-lpz818sest3j75",https://down-tx-sg.vod.susercontent.com/api/v4/11110103/mms/ph-11110103-6ke14-lpz81ckd9umnad.default.mp4
106,,unw75_dv8l,"2024-01-03 04:01:04",4,5,4,2,"
https://cf.shopee.vn/file/ph-11134103-7r98z-lq1glx2sksb3cb
https://cf.shopee.vn/file/ph-11134103-7r98z-lq1glx2sksb3cb",lollipop,no,ph,yes,https://cf.shopee.vn/file/ph-11134103-7r98z-lq1glx2sksb3cb,,"Rating Total: 755; No Stars: 10 reviews; *: 8 reviews; **: 18 reviews; ***: 61 reviews; ****: 658 reviews;  With Context: 114;  With Image: 83;  With Media: 84;  Local Review: 755; ",https://shopee.vn/shop/531023260,https://shopee.ph/p-i.991635618.22671552659,https://cf.shopee.vn/file/ph-11134103-7r98z-lq1glx2sksb3cb,
107,,amorangelica22,"2024-01-08 01:37:40",5,5,5,5,"Up to 26k salary offer on-site application one day process free grab one way QC site atleast 6mons int'l voice call center experience . Pm if interested
https://cf.shopee.vn/file/ph-11134103-7r990-lq8gfq9kr32nfb
https://cf.shopee.vn/file/ph-11134103-7r990-lq8gfq9kr32nfb",lollipop,no,ph,yes,https://cf.shopee.vn/file/ph-11134103-7r990-lq8gfq9kr32nfb,https://down-cvs-sg.vod.susercontent.com/api/v4/11110103/mms/ph-11110103-6ke14-lq8gh19txa6330.default.mp4,"Rating Total: 755; No Stars: 10 reviews; *: 8 reviews; **: 18 reviews; ***: 61 reviews; ****: 658 reviews;  With Context: 114;  With Image: 83;  With Media: 84;  Local Review: 755; ",https://shopee.vn/shop/87491802,https://shopee.ph/p-i.991635618.22671552659,https://cf.shopee.vn/file/ph-11134103-7r990-lq8gfq9kr32nfb,https://down-cvs-sg.vod.susercontent.com/api/v4/11110103/mms/ph-11110103-6ke14-lq8gh19txa6330.default.mp4
108,,zeonkielgonzal,"2024-01-09 05:12:18",4,5,4,4,"Nice and affordable price",doughnut,no,ph,no,,,"Rating Total: 755; No Stars: 10 reviews; *: 8 reviews; **: 18 reviews; ***: 61 reviews; ****: 658 reviews;  With Context: 114;  With Image: 83;  With Media: 84;  Local Review: 755; ",https://shopee.vn/shop/205229678,https://shopee.ph/p-i.991635618.22671552659,,
109,,ricanibay,"2024-01-09 10:30:12",5,5,5,4,"
https://cf.shopee.vn/file/ph-11134103-7r98q-lqaepkc2yhqnf1
https://cf.shopee.vn/file/ph-11134103-7r98u-lqaepkc2zwb373
https://cf.shopee.vn/file/ph-11134103-7r98z-lqaepkc31avj0b
https://cf.shopee.vn/file/ph-11134103-7r98q-lqaepkc2yhqnf1
https://cf.shopee.vn/file/ph-11134103-7r98u-lqaepkc2zwb373
https://cf.shopee.vn/file/ph-11134103-7r98z-lqaepkc31avj0b",lollipop,no,ph,yes,"https://cf.shopee.vn/file/ph-11134103-7r98q-lqaepkc2yhqnf1, https://cf.shopee.vn/file/ph-11134103-7r98u-lqaepkc2zwb373, https://cf.shopee.vn/file/ph-11134103-7r98z-lqaepkc31avj0b",,"Rating Total: 755; No Stars: 10 reviews; *: 8 reviews; **: 18 reviews; ***: 61 reviews; ****: 658 reviews;  With Context: 114;  With Image: 83;  With Media: 84;  Local Review: 755; ",https://shopee.vn/shop/112589634,https://shopee.ph/p-i.991635618.22671552659,"https://cf.shopee.vn/file/ph-11134103-7r98q-lqaepkc2yhqnf1,https://cf.shopee.vn/file/ph-11134103-7r98u-lqaepkc2zwb373,https://cf.shopee.vn/file/ph-11134103-7r98z-lqaepkc31avj0b",
110,,loidasuello20,"2024-01-10 07:56:43",2,2,2,2,"Not satisfied/ the 6 items was damaged 😏",lollipop,no,ph,no,,,"Rating Total: 755; No Stars: 10 reviews; *: 8 reviews; **: 18 reviews; ***: 61 reviews; ****: 658 reviews;  With Context: 114;  With Image: 83;  With Media: 84;  Local Review: 755; ",https://shopee.vn/shop/240746620,https://shopee.ph/p-i.991635618.22671552659,,
111,,sid_nick,"2024-01-11 00:20:23",5,4,5,5,"Quality:10/10
Performance:10/10
Suitability:10/10

No damage, Tama, maayos at magaganda lahat ng items. Worth the wait and money. Nagustuhan ng mga bata. Thank u seller.
https://cf.shopee.vn/file/ph-11134103-7r990-lqc5k4st98i7a6
https://cf.shopee.vn/file/ph-11134103-7r98r-lqc5k4stan2n2b
https://cf.shopee.vn/file/ph-11134103-7r98z-lqc5k4stc1n3f7
https://cf.shopee.vn/file/ph-11134103-7r990-lqc5k4st98i7a6
https://cf.shopee.vn/file/ph-11134103-7r98r-lqc5k4stan2n2b
https://cf.shopee.vn/file/ph-11134103-7r98z-lqc5k4stc1n3f7",doughnut,no,ph,yes,"https://cf.shopee.vn/file/ph-11134103-7r990-lqc5k4st98i7a6, https://cf.shopee.vn/file/ph-11134103-7r98r-lqc5k4stan2n2b, https://cf.shopee.vn/file/ph-11134103-7r98z-lqc5k4stc1n3f7",https://down-tx-sg.vod.susercontent.com/api/v4/11110103/mms/ph-11110103-6ke18-lqcnpn3958pba1.default.mp4,"Rating Total: 755; No Stars: 10 reviews; *: 8 reviews; **: 18 reviews; ***: 61 reviews; ****: 658 reviews;  With Context: 114;  With Image: 83;  With Media: 84;  Local Review: 755; ",https://shopee.vn/shop/335055462,https://shopee.ph/p-i.991635618.22671552659,"https://cf.shopee.vn/file/ph-11134103-7r990-lqc5k4st98i7a6,https://cf.shopee.vn/file/ph-11134103-7r98r-lqc5k4stan2n2b,https://cf.shopee.vn/file/ph-11134103-7r98z-lqc5k4stc1n3f7",https://down-tx-sg.vod.susercontent.com/api/v4/11110103/mms/ph-11110103-6ke18-lqcnpn3958pba1.default.mp4
112,,danniellekate,"2024-01-12 11:47:12",5,5,5,5,"ang bait ng seller.thank u so much poh.godbless.more sales poh.",lollipop,no,ph,no,,,"Rating Total: 755; No Stars: 10 reviews; *: 8 reviews; **: 18 reviews; ***: 61 reviews; ****: 658 reviews;  With Context: 114;  With Image: 83;  With Media: 84;  Local Review: 755; ",https://shopee.vn/shop/309238387,https://shopee.ph/p-i.991635618.22671552659,,
113,,dkai_lebshop12,"2024-01-13 06:31:00",5,5,5,5,"Recieved item fast shipping for prizes sa games to and im sure ma happy mga kids. Maganda naman siya excited to see the reaction ng mga kids sa bday. Thanks seller
https://cf.shopee.vn/file/ph-11134103-7r98r-lqfvnvf9tkmze4
https://cf.shopee.vn/file/ph-11134103-7r98r-lqfvnvf9tkmze4",lollipop,no,ph,yes,https://cf.shopee.vn/file/ph-11134103-7r98r-lqfvnvf9tkmze4,https://down-tx-sg.vod.susercontent.com/api/v4/11110103/mms/ph-11110103-6ke14-lqfvtvgbosb3fc.default.mp4,"Rating Total: 755; No Stars: 10 reviews; *: 8 reviews; **: 18 reviews; ***: 61 reviews; ****: 658 reviews;  With Context: 114;  With Image: 83;  With Media: 84;  Local Review: 755; ",https://shopee.vn/shop/14829145,https://shopee.ph/p-i.991635618.22671552659,https://cf.shopee.vn/file/ph-11134103-7r98r-lqfvnvf9tkmze4,https://down-tx-sg.vod.susercontent.com/api/v4/11110103/mms/ph-11110103-6ke14-lqfvtvgbosb3fc.default.mp4
114,,kathlenejoyvias,"2024-01-15 07:18:13",5,5,5,4,"Quality:very good
Performance:fast shipping

Maganda po ang item, at mukhang matibay, thank you po sa seller, next time po ulit order ako dito sa shop nyo😁",lollipop,no,ph,no,,,"Rating Total: 755; No Stars: 10 reviews; *: 8 reviews; **: 18 reviews; ***: 61 reviews; ****: 658 reviews;  With Context: 114;  With Image: 83;  With Media: 84;  Local Review: 755; ",https://shopee.vn/shop/564045466,https://shopee.ph/p-i.991635618.22671552659,,
115,,laarni_seron,"2024-01-16 06:03:37",5,5,5,5,"ang bilis madeliver, very nice packaging, naka bubble wrap na, naka-cling wrap pa 😊 very nice handling din po, expected ko durog na yung box nya, pero walang dents 😁 thank you po!
https://cf.shopee.vn/file/ph-11134103-7r98r-lqk4xbe9sptne9
https://cf.shopee.vn/file/ph-11134103-7r98r-lqk4xbe9sptne9",lollipop,no,ph,yes,https://cf.shopee.vn/file/ph-11134103-7r98r-lqk4xbe9sptne9,,"Rating Total: 755; No Stars: 10 reviews; *: 8 reviews; **: 18 reviews; ***: 61 reviews; ****: 658 reviews;  With Context: 114;  With Image: 83;  With Media: 84;  Local Review: 755; ",https://shopee.vn/shop/263610832,https://shopee.ph/p-i.991635618.22671552659,https://cf.shopee.vn/file/ph-11134103-7r98r-lqk4xbe9sptne9,
116,,n*****m,"2024-01-17 04:18:40",5,5,5,5,"Complete orders. Good quality in a low price 👍 napaka ganda and cute ng mga designs. Pang giveaways para sa Bday ng junaks ko. Thank you seller, more sales to come. Godbless to your store.. order ulit ako sana may freebies na hehe. Ang bilis din ng delivery, kinabukasan naship na nila kahit sobrang dani kong orders.. kaya dito na kayo order sknila.., mura na mabilis pa maship.. 😁
https://cf.shopee.vn/file/ph-11134103-7r98p-lqlgawy0583ze8
https://cf.shopee.vn/file/ph-11134103-7r98p-lqlgawy0583ze8",doughnut,no,ph,yes,https://cf.shopee.vn/file/ph-11134103-7r98p-lqlgawy0583ze8,,"Rating Total: 755; No Stars: 10 reviews; *: 8 reviews; **: 18 reviews; ***: 61 reviews; ****: 658 reviews;  With Context: 114;  With Image: 83;  With Media: 84;  Local Review: 755; ",https://shopee.vn/shop/33088835,https://shopee.ph/p-i.991635618.22671552659,https://cf.shopee.vn/file/ph-11134103-7r98p-lqlgawy0583ze8,
117,,insomniaexklusiv,"2024-01-19 07:51:28",5,5,5,5,"Suitability:Cute
Quality:Very Good
Performance:Maganda Mabilis maka bura

Ang cute ng mga eraser☺️💛Magugustohan to ng anak ko☺️Lalo un sipagin sa pag aaral🥰And safe na safe pagka kapack nya... Thank you soooo much sa mabilis na deliver and thank you seller!!💛☺️🥰
https://cf.shopee.vn/file/ph-11134103-7r990-lqoid42rczp793
https://cf.shopee.vn/file/ph-11134103-7r98p-lqoit48bu5krbd
https://cf.shopee.vn/file/ph-11134103-7r990-lqoit48bvk5745
https://cf.shopee.vn/file/ph-11134103-7r98q-lqoit48bwypndc
https://cf.shopee.vn/file/ph-11134103-7r98y-lqoit48byda3b8
https://cf.shopee.vn/file/ph-11134103-7r990-lqoid42rczp793
https://cf.shopee.vn/file/ph-11134103-7r98p-lqoit48bu5krbd
https://cf.shopee.vn/file/ph-11134103-7r990-lqoit48bvk5745
https://cf.shopee.vn/file/ph-11134103-7r98q-lqoit48bwypndc
https://cf.shopee.vn/file/ph-11134103-7r98y-lqoit48byda3b8",lollipop,no,ph,yes,"https://cf.shopee.vn/file/ph-11134103-7r990-lqoid42rczp793, https://cf.shopee.vn/file/ph-11134103-7r98p-lqoit48bu5krbd, https://cf.shopee.vn/file/ph-11134103-7r990-lqoit48bvk5745, https://cf.shopee.vn/file/ph-11134103-7r98q-lqoit48bwypndc, https://cf.shopee.vn/file/ph-11134103-7r98y-lqoit48byda3b8",https://down-cvs-sg.vod.susercontent.com/api/v4/11110103/mms/ph-11110103-6ke17-lqoiyfunfanv01.default.mp4,"Rating Total: 755; No Stars: 10 reviews; *: 8 reviews; **: 18 reviews; ***: 61 reviews; ****: 658 reviews;  With Context: 114;  With Image: 83;  With Media: 84;  Local Review: 755; ",https://shopee.vn/shop/871662367,https://shopee.ph/p-i.991635618.22671552659,"https://cf.shopee.vn/file/ph-11134103-7r990-lqoid42rczp793,https://cf.shopee.vn/file/ph-11134103-7r98p-lqoit48bu5krbd,https://cf.shopee.vn/file/ph-11134103-7r990-lqoit48bvk5745,https://cf.shopee.vn/file/ph-11134103-7r98q-lqoit48bwypndc,https://cf.shopee.vn/file/ph-11134103-7r98y-lqoit48byda3b8",https://down-cvs-sg.vod.susercontent.com/api/v4/11110103/mms/ph-11110103-6ke17-lqoiyfunfanv01.default.mp4
118,,j*****i,"2024-01-22 13:51:46",4,5,4,4,"Orders complete! Delivery was fast too! Cute ng items and affordable sya. Nahirapan ako open ang parcel sa dami ng balot hehe which is good to assure the items arrive secured. Comment ko lang ang dumi ng boxes maalikabok. Nabalot nang maayos pero hindi napunasan. These are just small boxes and are very easy to wipe sana. But happy naman ako sa items I'm sure matutuwa ang makakakuha nito so thank you seller!
https://cf.shopee.vn/file/ph-11134103-7r98w-lqt5vjdsbfejec
https://cf.shopee.vn/file/ph-11134103-7r98o-lqt5vjdsctyzfe
https://cf.shopee.vn/file/ph-11134103-7r98w-lqt5vjdsbfejec
https://cf.shopee.vn/file/ph-11134103-7r98o-lqt5vjdsctyzfe",doughnut,no,ph,yes,"https://cf.shopee.vn/file/ph-11134103-7r98w-lqt5vjdsbfejec, https://cf.shopee.vn/file/ph-11134103-7r98o-lqt5vjdsctyzfe",https://down-tx-sg.vod.susercontent.com/api/v4/11110103/mms/ph-11110103-6ke14-lqt5w7hz0xfz46.default.mp4,"Rating Total: 755; No Stars: 10 reviews; *: 8 reviews; **: 18 reviews; ***: 61 reviews; ****: 658 reviews;  With Context: 114;  With Image: 83;  With Media: 84;  Local Review: 755; ",https://shopee.vn/shop/299220094,https://shopee.ph/p-i.991635618.22671552659,"https://cf.shopee.vn/file/ph-11134103-7r98w-lqt5vjdsbfejec,https://cf.shopee.vn/file/ph-11134103-7r98o-lqt5vjdsctyzfe",https://down-tx-sg.vod.susercontent.com/api/v4/11110103/mms/ph-11110103-6ke14-lqt5w7hz0xfz46.default.mp4
119,,melanie25.,"2024-01-24 06:19:50",5,5,5,5,"Quality:great
Suitability:for give aways
Performance:good

Thanks super cutie i love it ❤
https://cf.shopee.vn/file/ph-11134103-7r992-lqvkdwrw4ock5f
https://cf.shopee.vn/file/ph-11134103-7r98o-lqvkdwrw62x037
https://cf.shopee.vn/file/ph-11134103-7r98p-lqvkdwrw7hhgf6
https://cf.shopee.vn/file/ph-11134103-7r98y-lqvkdwrw8w1w39
https://cf.shopee.vn/file/ph-11134103-7r990-lqvkdwrwaamc10
https://cf.shopee.vn/file/ph-11134103-7r992-lqvkdwrw4ock5f
https://cf.shopee.vn/file/ph-11134103-7r98o-lqvkdwrw62x037
https://cf.shopee.vn/file/ph-11134103-7r98p-lqvkdwrw7hhgf6
https://cf.shopee.vn/file/ph-11134103-7r98y-lqvkdwrw8w1w39
https://cf.shopee.vn/file/ph-11134103-7r990-lqvkdwrwaamc10",lollipop,no,ph,yes,"https://cf.shopee.vn/file/ph-11134103-7r992-lqvkdwrw4ock5f, https://cf.shopee.vn/file/ph-11134103-7r98o-lqvkdwrw62x037, https://cf.shopee.vn/file/ph-11134103-7r98p-lqvkdwrw7hhgf6, https://cf.shopee.vn/file/ph-11134103-7r98y-lqvkdwrw8w1w39, https://cf.shopee.vn/file/ph-11134103-7r990-lqvkdwrwaamc10",https://down-tx-sg.vod.susercontent.com/api/v4/11110103/mms/ph-11110103-6ke16-lqvklovi5pvoa3.default.mp4,"Rating Total: 755; No Stars: 10 reviews; *: 8 reviews; **: 18 reviews; ***: 61 reviews; ****: 658 reviews;  With Context: 114;  With Image: 83;  With Media: 84;  Local Review: 755; ",https://shopee.vn/shop/326323583,https://shopee.ph/p-i.991635618.22671552659,"https://cf.shopee.vn/file/ph-11134103-7r992-lqvkdwrw4ock5f,https://cf.shopee.vn/file/ph-11134103-7r98o-lqvkdwrw62x037,https://cf.shopee.vn/file/ph-11134103-7r98p-lqvkdwrw7hhgf6,https://cf.shopee.vn/file/ph-11134103-7r98y-lqvkdwrw8w1w39,https://cf.shopee.vn/file/ph-11134103-7r990-lqvkdwrwaamc10",https://down-tx-sg.vod.susercontent.com/api/v4/11110103/mms/ph-11110103-6ke16-lqvklovi5pvoa3.default.mp4
120,,regvillavalera05,"2024-01-25 04:05:32",5,5,5,5,"So cute🥰
https://cf.shopee.vn/file/ph-11134103-7r98z-lqwv7bi5xjycff
https://cf.shopee.vn/file/ph-11134103-7r98z-lqwv7bi5xjycff",lollipop,no,ph,yes,https://cf.shopee.vn/file/ph-11134103-7r98z-lqwv7bi5xjycff,,"Rating Total: 755; No Stars: 10 reviews; *: 8 reviews; **: 18 reviews; ***: 61 reviews; ****: 658 reviews;  With Context: 114;  With Image: 83;  With Media: 84;  Local Review: 755; ",https://shopee.vn/shop/173428167,https://shopee.ph/p-i.991635618.22671552659,https://cf.shopee.vn/file/ph-11134103-7r98z-lqwv7bi5xjycff,
